{
  "Top": "ff_monitor_gen",
  "RtlTop": "ff_monitor_gen",
  "RtlPrefix": "",
  "RtlSubPrefix": "ff_monitor_gen_",
  "SourceLanguage": "cpp",
  "HostMachineBits": "64",
  "FunctionProtocol": "ap_ctrl_hs",
  "ResetStyle": "control",
  "Target": {
    "Family": "spartan7",
    "Device": "xc7s100",
    "Package": "-fgga676",
    "Speed": "-2",
    "Triple": "fpga64-xilinx-none"
  },
  "Args": {
    "op": {
      "index": "0",
      "direction": "out",
      "srcType": "stream<hls::axis<ap_uint<32>, 1, 1, 1>, 0>&",
      "srcSize": "96",
      "hwRefs": [{
          "type": "interface",
          "interface": "op",
          "name": "",
          "usage": "data",
          "direction": "out"
        }]
    },
    "row": {
      "index": "1",
      "direction": "in",
      "srcType": "int",
      "srcSize": "32",
      "hwRefs": [{
          "type": "register",
          "interface": "s_axi_control",
          "name": "row",
          "usage": "data",
          "direction": "in"
        }]
    },
    "column": {
      "index": "2",
      "direction": "in",
      "srcType": "int",
      "srcSize": "32",
      "hwRefs": [{
          "type": "register",
          "interface": "s_axi_control",
          "name": "column",
          "usage": "data",
          "direction": "in"
        }]
    },
    "char_1": {
      "index": "3",
      "direction": "in",
      "srcType": "int",
      "srcSize": "32",
      "hwRefs": [{
          "type": "register",
          "interface": "s_axi_control",
          "name": "char_1",
          "usage": "data",
          "direction": "in"
        }]
    },
    "char_2": {
      "index": "4",
      "direction": "in",
      "srcType": "int",
      "srcSize": "32",
      "hwRefs": [{
          "type": "register",
          "interface": "s_axi_control",
          "name": "char_2",
          "usage": "data",
          "direction": "in"
        }]
    },
    "char_3": {
      "index": "5",
      "direction": "in",
      "srcType": "int",
      "srcSize": "32",
      "hwRefs": [{
          "type": "register",
          "interface": "s_axi_control",
          "name": "char_3",
          "usage": "data",
          "direction": "in"
        }]
    },
    "char_4": {
      "index": "6",
      "direction": "in",
      "srcType": "int",
      "srcSize": "32",
      "hwRefs": [{
          "type": "register",
          "interface": "s_axi_control",
          "name": "char_4",
          "usage": "data",
          "direction": "in"
        }]
    }
  },
  "HlsSolution": {
    "FlowTarget": "vivado",
    "DirectiveTcl": [
      "set_directive_top ff_monitor_gen -name ff_monitor_gen",
      "set_directive_top ff_monitor_gen -name ff_monitor_gen"
    ],
    "ProfileOption": "0",
    "ProfileType": "none",
    "KernelName": "ff_monitor_gen"
  },
  "ClockInfo": {
    "ClockName": "ap_clk",
    "ClockPeriod": "10",
    "Uncertainty": "2.7",
    "IsCombinational": "0",
    "II": "undef",
    "Latency": "undef"
  },
  "Xdc": {"OocClocks": ["create_clock -name ap_clk -period 10.000 [get_ports ap_clk]"]},
  "Ipx": {
    "Vendor": "xilinx.com",
    "Library": "hls",
    "Name": "ff_monitor_gen",
    "Version": "1.0",
    "DisplayName": "Ff_monitor_gen",
    "Revision": "2112774566",
    "Description": "An IP generated by Vitis HLS",
    "Taxonomy": "\/VITIS_HLS_IP",
    "AutoFamilySupport": "",
    "ZipFile": "xilinx_com_hls_ff_monitor_gen_1_0.zip"
  },
  "Files": {
    "CSource": ["..\/..\/ff_monitor.cpp"],
    "Vhdl": [
      "impl\/vhdl\/ff_monitor_gen_control_s_axi.vhd",
      "impl\/vhdl\/ff_monitor_gen_count_pixel_RAM_AUTO_1R1W.vhd",
      "impl\/vhdl\/ff_monitor_gen_digits_RAM_AUTO_1R1W.vhd",
      "impl\/vhdl\/ff_monitor_gen_ff_monitor_gen_Pipeline_1.vhd",
      "impl\/vhdl\/ff_monitor_gen_ff_monitor_gen_Pipeline_2.vhd",
      "impl\/vhdl\/ff_monitor_gen_ff_monitor_gen_Pipeline_3.vhd",
      "impl\/vhdl\/ff_monitor_gen_ff_monitor_gen_Pipeline_4.vhd",
      "impl\/vhdl\/ff_monitor_gen_ff_monitor_gen_Pipeline_row_loop_column_loop.vhd",
      "impl\/vhdl\/ff_monitor_gen_ff_monitor_gen_Pipeline_row_loop_column_loop_display_0_1_ROM_AUTO_1R.vhd",
      "impl\/vhdl\/ff_monitor_gen_ff_monitor_gen_Pipeline_row_loop_column_loop_display_1_1_ROM_AUTO_1R.vhd",
      "impl\/vhdl\/ff_monitor_gen_ff_monitor_gen_Pipeline_row_loop_column_loop_display_2_1_ROM_AUTO_1R.vhd",
      "impl\/vhdl\/ff_monitor_gen_ff_monitor_gen_Pipeline_row_loop_column_loop_display_3_1_ROM_AUTO_1R.vhd",
      "impl\/vhdl\/ff_monitor_gen_ff_monitor_gen_Pipeline_row_loop_column_loop_display_4_1_ROM_AUTO_1R.vhd",
      "impl\/vhdl\/ff_monitor_gen_ff_monitor_gen_Pipeline_row_loop_column_loop_display_5_1_ROM_AUTO_1R.vhd",
      "impl\/vhdl\/ff_monitor_gen_ff_monitor_gen_Pipeline_row_loop_column_loop_display_6_1_ROM_AUTO_1R.vhd",
      "impl\/vhdl\/ff_monitor_gen_ff_monitor_gen_Pipeline_row_loop_column_loop_display_7_1_ROM_AUTO_1R.vhd",
      "impl\/vhdl\/ff_monitor_gen_ff_monitor_gen_Pipeline_row_loop_column_loop_display_8_1_ROM_AUTO_1R.vhd",
      "impl\/vhdl\/ff_monitor_gen_ff_monitor_gen_Pipeline_row_loop_column_loop_display_9_1_ROM_AUTO_1R.vhd",
      "impl\/vhdl\/ff_monitor_gen_flow_control_loop_pipe_sequential_init.vhd",
      "impl\/vhdl\/ff_monitor_gen_line_RAM_AUTO_1R1W.vhd",
      "impl\/vhdl\/ff_monitor_gen_mul_32ns_32ns_64_1_1.vhd",
      "impl\/vhdl\/ff_monitor_gen_regslice_both.vhd",
      "impl\/vhdl\/ff_monitor_gen.vhd"
    ],
    "Verilog": [
      "impl\/verilog\/ff_monitor_gen_control_s_axi.v",
      "impl\/verilog\/ff_monitor_gen_count_pixel_RAM_AUTO_1R1W.v",
      "impl\/verilog\/ff_monitor_gen_digits_RAM_AUTO_1R1W.v",
      "impl\/verilog\/ff_monitor_gen_ff_monitor_gen_Pipeline_1.v",
      "impl\/verilog\/ff_monitor_gen_ff_monitor_gen_Pipeline_2.v",
      "impl\/verilog\/ff_monitor_gen_ff_monitor_gen_Pipeline_3.v",
      "impl\/verilog\/ff_monitor_gen_ff_monitor_gen_Pipeline_4.v",
      "impl\/verilog\/ff_monitor_gen_ff_monitor_gen_Pipeline_row_loop_column_loop.v",
      "impl\/verilog\/ff_monitor_gen_ff_monitor_gen_Pipeline_row_loop_column_loop_display_0_1_ROM_AUTO_1R.dat",
      "impl\/verilog\/ff_monitor_gen_ff_monitor_gen_Pipeline_row_loop_column_loop_display_0_1_ROM_AUTO_1R.v",
      "impl\/verilog\/ff_monitor_gen_ff_monitor_gen_Pipeline_row_loop_column_loop_display_1_1_ROM_AUTO_1R.dat",
      "impl\/verilog\/ff_monitor_gen_ff_monitor_gen_Pipeline_row_loop_column_loop_display_1_1_ROM_AUTO_1R.v",
      "impl\/verilog\/ff_monitor_gen_ff_monitor_gen_Pipeline_row_loop_column_loop_display_2_1_ROM_AUTO_1R.dat",
      "impl\/verilog\/ff_monitor_gen_ff_monitor_gen_Pipeline_row_loop_column_loop_display_2_1_ROM_AUTO_1R.v",
      "impl\/verilog\/ff_monitor_gen_ff_monitor_gen_Pipeline_row_loop_column_loop_display_3_1_ROM_AUTO_1R.dat",
      "impl\/verilog\/ff_monitor_gen_ff_monitor_gen_Pipeline_row_loop_column_loop_display_3_1_ROM_AUTO_1R.v",
      "impl\/verilog\/ff_monitor_gen_ff_monitor_gen_Pipeline_row_loop_column_loop_display_4_1_ROM_AUTO_1R.dat",
      "impl\/verilog\/ff_monitor_gen_ff_monitor_gen_Pipeline_row_loop_column_loop_display_4_1_ROM_AUTO_1R.v",
      "impl\/verilog\/ff_monitor_gen_ff_monitor_gen_Pipeline_row_loop_column_loop_display_5_1_ROM_AUTO_1R.dat",
      "impl\/verilog\/ff_monitor_gen_ff_monitor_gen_Pipeline_row_loop_column_loop_display_5_1_ROM_AUTO_1R.v",
      "impl\/verilog\/ff_monitor_gen_ff_monitor_gen_Pipeline_row_loop_column_loop_display_6_1_ROM_AUTO_1R.dat",
      "impl\/verilog\/ff_monitor_gen_ff_monitor_gen_Pipeline_row_loop_column_loop_display_6_1_ROM_AUTO_1R.v",
      "impl\/verilog\/ff_monitor_gen_ff_monitor_gen_Pipeline_row_loop_column_loop_display_7_1_ROM_AUTO_1R.dat",
      "impl\/verilog\/ff_monitor_gen_ff_monitor_gen_Pipeline_row_loop_column_loop_display_7_1_ROM_AUTO_1R.v",
      "impl\/verilog\/ff_monitor_gen_ff_monitor_gen_Pipeline_row_loop_column_loop_display_8_1_ROM_AUTO_1R.dat",
      "impl\/verilog\/ff_monitor_gen_ff_monitor_gen_Pipeline_row_loop_column_loop_display_8_1_ROM_AUTO_1R.v",
      "impl\/verilog\/ff_monitor_gen_ff_monitor_gen_Pipeline_row_loop_column_loop_display_9_1_ROM_AUTO_1R.dat",
      "impl\/verilog\/ff_monitor_gen_ff_monitor_gen_Pipeline_row_loop_column_loop_display_9_1_ROM_AUTO_1R.v",
      "impl\/verilog\/ff_monitor_gen_flow_control_loop_pipe_sequential_init.v",
      "impl\/verilog\/ff_monitor_gen_line_RAM_AUTO_1R1W.v",
      "impl\/verilog\/ff_monitor_gen_mul_32ns_32ns_64_1_1.v",
      "impl\/verilog\/ff_monitor_gen_regslice_both.v",
      "impl\/verilog\/ff_monitor_gen.v"
    ],
    "SwDriver": [
      "impl\/misc\/drivers\/ff_monitor_gen_v1_0\/data\/ff_monitor_gen.mdd",
      "impl\/misc\/drivers\/ff_monitor_gen_v1_0\/data\/ff_monitor_gen.tcl",
      "impl\/misc\/drivers\/ff_monitor_gen_v1_0\/src\/Makefile",
      "impl\/misc\/drivers\/ff_monitor_gen_v1_0\/src\/xff_monitor_gen.c",
      "impl\/misc\/drivers\/ff_monitor_gen_v1_0\/src\/xff_monitor_gen.h",
      "impl\/misc\/drivers\/ff_monitor_gen_v1_0\/src\/xff_monitor_gen_hw.h",
      "impl\/misc\/drivers\/ff_monitor_gen_v1_0\/src\/xff_monitor_gen_linux.c",
      "impl\/misc\/drivers\/ff_monitor_gen_v1_0\/src\/xff_monitor_gen_sinit.c"
    ],
    "IpMisc": ["impl\/misc\/logo.png"],
    "CsynthXml": "syn\/report\/csynth.xml",
    "DebugDir": ".debug",
    "KernelXml": ".autopilot\/db\/kernel.internal.xml",
    "Xo": "",
    "XoHlsDir": "",
    "ProtoInst": [".debug\/ff_monitor_gen.protoinst"]
  },
  "SubcoreInfo": {
    "HasXpmMemory": false,
    "HasClockedDsp": false,
    "Ip": []
  },
  "Interfaces": {
    "s_axi_control": {
      "type": "axi4lite",
      "busTypeName": "aximm",
      "mode": "slave",
      "dataWidth": "32",
      "addrWidth": "6",
      "portPrefix": "s_axi_control_",
      "paramPrefix": "C_S_AXI_CONTROL_",
      "ports": [
        "s_axi_control_ARADDR",
        "s_axi_control_ARREADY",
        "s_axi_control_ARVALID",
        "s_axi_control_AWADDR",
        "s_axi_control_AWREADY",
        "s_axi_control_AWVALID",
        "s_axi_control_BREADY",
        "s_axi_control_BRESP",
        "s_axi_control_BVALID",
        "s_axi_control_RDATA",
        "s_axi_control_RREADY",
        "s_axi_control_RRESP",
        "s_axi_control_RVALID",
        "s_axi_control_WDATA",
        "s_axi_control_WREADY",
        "s_axi_control_WSTRB",
        "s_axi_control_WVALID"
      ],
      "registers": [
        {
          "offset": "0x00",
          "name": "CTRL",
          "access": "RW",
          "description": "Control signals",
          "range": "32",
          "fields": [
            {
              "offset": "0",
              "width": "1",
              "name": "AP_START",
              "access": "RW",
              "description": "Control signal Register for 'ap_start'."
            },
            {
              "offset": "1",
              "width": "1",
              "name": "AP_DONE",
              "access": "R",
              "description": "Control signal Register for 'ap_done'."
            },
            {
              "offset": "2",
              "width": "1",
              "name": "AP_IDLE",
              "access": "R",
              "description": "Control signal Register for 'ap_idle'."
            },
            {
              "offset": "3",
              "width": "1",
              "name": "AP_READY",
              "access": "R",
              "description": "Control signal Register for 'ap_ready'."
            },
            {
              "offset": "4",
              "width": "3",
              "name": "RESERVED_1",
              "access": "R",
              "description": "Reserved.  0s on read."
            },
            {
              "offset": "7",
              "width": "1",
              "name": "AUTO_RESTART",
              "access": "RW",
              "description": "Control signal Register for 'auto_restart'."
            },
            {
              "offset": "8",
              "width": "1",
              "name": "RESERVED_2",
              "access": "R",
              "description": "Reserved.  0s on read."
            },
            {
              "offset": "9",
              "width": "1",
              "name": "INTERRUPT",
              "access": "R",
              "description": "Control signal Register for 'interrupt'."
            },
            {
              "offset": "10",
              "width": "22",
              "name": "RESERVED_3",
              "access": "R",
              "description": "Reserved.  0s on read."
            }
          ]
        },
        {
          "offset": "0x04",
          "name": "GIER",
          "access": "RW",
          "description": "Global Interrupt Enable Register",
          "range": "32",
          "fields": [
            {
              "offset": "0",
              "width": "1",
              "name": "Enable",
              "access": "RW",
              "description": "Master enable for the device interrupt output to the system interrupt controller: 0 = Disabled, 1 = Enabled"
            },
            {
              "offset": "1",
              "width": "31",
              "name": "RESERVED",
              "access": "R",
              "description": "Reserved.  0s on read."
            }
          ]
        },
        {
          "offset": "0x08",
          "name": "IP_IER",
          "access": "RW",
          "description": "IP Interrupt Enable Register",
          "range": "32",
          "fields": [
            {
              "offset": "0",
              "width": "1",
              "name": "CHAN0_INT_EN",
              "access": "RW",
              "description": "Enable Channel 0 (ap_done) Interrupt.  0 = Disabled, 1 = Enabled."
            },
            {
              "offset": "1",
              "width": "1",
              "name": "CHAN1_INT_EN",
              "access": "RW",
              "description": "Enable Channel 1 (ap_ready) Interrupt.  0 = Disabled, 1 = Enabled."
            },
            {
              "offset": "2",
              "width": "30",
              "name": "RESERVED_0",
              "access": "R",
              "description": "Reserved.  0s on read."
            }
          ]
        },
        {
          "offset": "0x0c",
          "name": "IP_ISR",
          "access": "RW",
          "description": "IP Interrupt Status Register",
          "range": "32",
          "fields": [
            {
              "offset": "0",
              "width": "1",
              "name": "CHAN0_INT_ST",
              "access": "RTOW",
              "description": "Channel 0 (ap_done) Interrupt Status. 0 = No Channel 0 interrupt, 1 = Channel 0 interrupt."
            },
            {
              "offset": "1",
              "width": "1",
              "name": "CHAN1_INT_ST",
              "access": "RTOW",
              "description": "Channel 1 (ap_ready) Interrupt Status. 0 = No Channel 1 interrupt, 1 = Channel 1 interrupt."
            },
            {
              "offset": "2",
              "width": "30",
              "name": "RESERVED_0",
              "access": "R",
              "description": "Reserved.  0s on read."
            }
          ]
        },
        {
          "offset": "0x10",
          "name": "row",
          "access": "W",
          "description": "Data signal of row",
          "range": "32",
          "fields": [{
              "offset": "0",
              "width": "32",
              "name": "row",
              "access": "W",
              "description": "Bit 31 to 0 of row"
            }]
        },
        {
          "offset": "0x18",
          "name": "column",
          "access": "W",
          "description": "Data signal of column",
          "range": "32",
          "fields": [{
              "offset": "0",
              "width": "32",
              "name": "column",
              "access": "W",
              "description": "Bit 31 to 0 of column"
            }]
        },
        {
          "offset": "0x20",
          "name": "char_1",
          "access": "W",
          "description": "Data signal of char_1",
          "range": "32",
          "fields": [{
              "offset": "0",
              "width": "32",
              "name": "char_1",
              "access": "W",
              "description": "Bit 31 to 0 of char_1"
            }]
        },
        {
          "offset": "0x28",
          "name": "char_2",
          "access": "W",
          "description": "Data signal of char_2",
          "range": "32",
          "fields": [{
              "offset": "0",
              "width": "32",
              "name": "char_2",
              "access": "W",
              "description": "Bit 31 to 0 of char_2"
            }]
        },
        {
          "offset": "0x30",
          "name": "char_3",
          "access": "W",
          "description": "Data signal of char_3",
          "range": "32",
          "fields": [{
              "offset": "0",
              "width": "32",
              "name": "char_3",
              "access": "W",
              "description": "Bit 31 to 0 of char_3"
            }]
        },
        {
          "offset": "0x38",
          "name": "char_4",
          "access": "W",
          "description": "Data signal of char_4",
          "range": "32",
          "fields": [{
              "offset": "0",
              "width": "32",
              "name": "char_4",
              "access": "W",
              "description": "Bit 31 to 0 of char_4"
            }]
        }
      ],
      "constraints": [
        {
          "constraint_type": "pragma interface",
          "mode": "s_axilite",
          "register_option": "0",
          "offset": "16",
          "argName": "row"
        },
        {
          "constraint_type": "pragma interface",
          "mode": "s_axilite",
          "register_option": "0",
          "offset": "24",
          "argName": "column"
        },
        {
          "constraint_type": "pragma interface",
          "mode": "s_axilite",
          "register_option": "0",
          "offset": "32",
          "argName": "char_1"
        },
        {
          "constraint_type": "pragma interface",
          "mode": "s_axilite",
          "register_option": "0",
          "offset": "40",
          "argName": "char_2"
        },
        {
          "constraint_type": "pragma interface",
          "mode": "s_axilite",
          "register_option": "0",
          "offset": "48",
          "argName": "char_3"
        },
        {
          "constraint_type": "pragma interface",
          "mode": "s_axilite",
          "register_option": "0",
          "offset": "56",
          "argName": "char_4"
        }
      ]
    },
    "ap_clk": {
      "type": "clock",
      "busTypeName": "clock",
      "mode": "slave",
      "busParams": {
        "ASSOCIATED_BUSIF": "s_axi_control:op",
        "ASSOCIATED_RESET": "ap_rst_n"
      },
      "portMap": {"ap_clk": "CLK"},
      "ports": ["ap_clk"]
    },
    "ap_rst_n": {
      "type": "reset",
      "busTypeName": "reset",
      "mode": "slave",
      "busParams": {"POLARITY": "ACTIVE_LOW"},
      "portMap": {"ap_rst_n": "RST"},
      "ports": ["ap_rst_n"]
    },
    "interrupt": {
      "type": "interrupt",
      "busTypeName": "interrupt",
      "mode": "master",
      "dataWidth": "1",
      "busParams": {"SENSITIVITY": "LEVEL_HIGH"},
      "portMap": {"interrupt": "INTERRUPT"},
      "ports": ["interrupt"]
    },
    "op": {
      "type": "axi4stream",
      "busTypeName": "axis",
      "mode": "master",
      "dataWidth": "32",
      "portPrefix": "op_",
      "ports": [
        "op_TDATA",
        "op_TDEST",
        "op_TID",
        "op_TKEEP",
        "op_TLAST",
        "op_TREADY",
        "op_TSTRB",
        "op_TUSER",
        "op_TVALID"
      ],
      "constraints": [{
          "constraint_type": "pragma interface",
          "mode": "axis",
          "register_option": "1",
          "register_mode": "both",
          "argName": "op"
        }]
    }
  },
  "RtlPorts": {
    "s_axi_control_AWVALID": {
      "dir": "in",
      "width": "1"
    },
    "s_axi_control_AWREADY": {
      "dir": "out",
      "width": "1"
    },
    "s_axi_control_AWADDR": {
      "dir": "in",
      "width": "6"
    },
    "s_axi_control_WVALID": {
      "dir": "in",
      "width": "1"
    },
    "s_axi_control_WREADY": {
      "dir": "out",
      "width": "1"
    },
    "s_axi_control_WDATA": {
      "dir": "in",
      "width": "32"
    },
    "s_axi_control_WSTRB": {
      "dir": "in",
      "width": "4"
    },
    "s_axi_control_ARVALID": {
      "dir": "in",
      "width": "1"
    },
    "s_axi_control_ARREADY": {
      "dir": "out",
      "width": "1"
    },
    "s_axi_control_ARADDR": {
      "dir": "in",
      "width": "6"
    },
    "s_axi_control_RVALID": {
      "dir": "out",
      "width": "1"
    },
    "s_axi_control_RREADY": {
      "dir": "in",
      "width": "1"
    },
    "s_axi_control_RDATA": {
      "dir": "out",
      "width": "32"
    },
    "s_axi_control_RRESP": {
      "dir": "out",
      "width": "2"
    },
    "s_axi_control_BVALID": {
      "dir": "out",
      "width": "1"
    },
    "s_axi_control_BREADY": {
      "dir": "in",
      "width": "1"
    },
    "s_axi_control_BRESP": {
      "dir": "out",
      "width": "2"
    },
    "ap_clk": {
      "dir": "in",
      "width": "1"
    },
    "ap_rst_n": {
      "dir": "in",
      "width": "1"
    },
    "interrupt": {
      "dir": "out",
      "width": "1"
    },
    "op_TDATA": {
      "dir": "out",
      "width": "32"
    },
    "op_TVALID": {
      "dir": "out",
      "width": "1"
    },
    "op_TREADY": {
      "dir": "in",
      "width": "1"
    },
    "op_TDEST": {
      "dir": "out",
      "width": "1",
      "isVector": "true"
    },
    "op_TKEEP": {
      "dir": "out",
      "width": "4"
    },
    "op_TSTRB": {
      "dir": "out",
      "width": "4"
    },
    "op_TUSER": {
      "dir": "out",
      "width": "1",
      "isVector": "true"
    },
    "op_TLAST": {
      "dir": "out",
      "width": "1",
      "isVector": "true"
    },
    "op_TID": {
      "dir": "out",
      "width": "1",
      "isVector": "true"
    }
  },
  "ModuleInfo": {
    "Hierarchy": {
      "ModuleName": "ff_monitor_gen",
      "Instances": [
        {
          "ModuleName": "ff_monitor_gen_Pipeline_1",
          "InstanceName": "grp_ff_monitor_gen_Pipeline_1_fu_265"
        },
        {
          "ModuleName": "ff_monitor_gen_Pipeline_2",
          "InstanceName": "grp_ff_monitor_gen_Pipeline_2_fu_271"
        },
        {
          "ModuleName": "ff_monitor_gen_Pipeline_3",
          "InstanceName": "grp_ff_monitor_gen_Pipeline_3_fu_277"
        },
        {
          "ModuleName": "ff_monitor_gen_Pipeline_4",
          "InstanceName": "grp_ff_monitor_gen_Pipeline_4_fu_283"
        },
        {
          "ModuleName": "ff_monitor_gen_Pipeline_row_loop_column_loop",
          "InstanceName": "grp_ff_monitor_gen_Pipeline_row_loop_column_loop_fu_289"
        }
      ]
    },
    "Info": {
      "ff_monitor_gen_Pipeline_1": {
        "FunctionProtocol": "ap_ctrl_hs",
        "isTaskLevelControl": "0",
        "isPipelined": "1",
        "isCombinational": "0",
        "isOneStateSeq": "0"
      },
      "ff_monitor_gen_Pipeline_2": {
        "FunctionProtocol": "ap_ctrl_hs",
        "isTaskLevelControl": "0",
        "isPipelined": "1",
        "isCombinational": "0",
        "isOneStateSeq": "0"
      },
      "ff_monitor_gen_Pipeline_3": {
        "FunctionProtocol": "ap_ctrl_hs",
        "isTaskLevelControl": "0",
        "isPipelined": "1",
        "isCombinational": "0",
        "isOneStateSeq": "0"
      },
      "ff_monitor_gen_Pipeline_4": {
        "FunctionProtocol": "ap_ctrl_hs",
        "isTaskLevelControl": "0",
        "isPipelined": "1",
        "isCombinational": "0",
        "isOneStateSeq": "0"
      },
      "ff_monitor_gen_Pipeline_row_loop_column_loop": {
        "FunctionProtocol": "ap_ctrl_hs",
        "isTaskLevelControl": "0",
        "isPipelined": "1",
        "isCombinational": "0",
        "isOneStateSeq": "0"
      },
      "ff_monitor_gen": {
        "FunctionProtocol": "ap_ctrl_hs",
        "isTaskLevelControl": "0",
        "isPipelined": "0",
        "isCombinational": "0",
        "isOneStateSeq": "0"
      }
    },
    "Metrics": {
      "ff_monitor_gen_Pipeline_1": {
        "Latency": {
          "LatencyBest": "6",
          "LatencyAvg": "6",
          "LatencyWorst": "6",
          "PipelineII": "6",
          "PipelineDepth": "",
          "PipelineType": "no"
        },
        "Timing": {
          "Target": "10.00",
          "Uncertainty": "2.70",
          "Estimate": "2.756"
        },
        "Loops": [{
            "Name": "Loop 1",
            "TripCount": "4",
            "Latency": "4",
            "PipelineII": "1",
            "PipelineDepth": "1"
          }],
        "Area": {
          "FF": "5",
          "AVAIL_FF": "128000",
          "UTIL_FF": "~0",
          "LUT": "47",
          "AVAIL_LUT": "64000",
          "UTIL_LUT": "~0",
          "BRAM_18K": "0",
          "AVAIL_BRAM": "240",
          "UTIL_BRAM": "0",
          "DSP": "0",
          "AVAIL_DSP": "160",
          "UTIL_DSP": "0",
          "URAM": "0",
          "AVAIL_URAM": "0",
          "UTIL_URAM": "0"
        }
      },
      "ff_monitor_gen_Pipeline_2": {
        "Latency": {
          "LatencyBest": "6",
          "LatencyAvg": "6",
          "LatencyWorst": "6",
          "PipelineII": "6",
          "PipelineDepth": "",
          "PipelineType": "no"
        },
        "Timing": {
          "Target": "10.00",
          "Uncertainty": "2.70",
          "Estimate": "2.756"
        },
        "Loops": [{
            "Name": "Loop 1",
            "TripCount": "4",
            "Latency": "4",
            "PipelineII": "1",
            "PipelineDepth": "1"
          }],
        "Area": {
          "FF": "5",
          "AVAIL_FF": "128000",
          "UTIL_FF": "~0",
          "LUT": "47",
          "AVAIL_LUT": "64000",
          "UTIL_LUT": "~0",
          "BRAM_18K": "0",
          "AVAIL_BRAM": "240",
          "UTIL_BRAM": "0",
          "DSP": "0",
          "AVAIL_DSP": "160",
          "UTIL_DSP": "0",
          "URAM": "0",
          "AVAIL_URAM": "0",
          "UTIL_URAM": "0"
        }
      },
      "ff_monitor_gen_Pipeline_3": {
        "Latency": {
          "LatencyBest": "6",
          "LatencyAvg": "6",
          "LatencyWorst": "6",
          "PipelineII": "6",
          "PipelineDepth": "",
          "PipelineType": "no"
        },
        "Timing": {
          "Target": "10.00",
          "Uncertainty": "2.70",
          "Estimate": "2.756"
        },
        "Loops": [{
            "Name": "Loop 1",
            "TripCount": "4",
            "Latency": "4",
            "PipelineII": "1",
            "PipelineDepth": "1"
          }],
        "Area": {
          "FF": "5",
          "AVAIL_FF": "128000",
          "UTIL_FF": "~0",
          "LUT": "47",
          "AVAIL_LUT": "64000",
          "UTIL_LUT": "~0",
          "BRAM_18K": "0",
          "AVAIL_BRAM": "240",
          "UTIL_BRAM": "0",
          "DSP": "0",
          "AVAIL_DSP": "160",
          "UTIL_DSP": "0",
          "URAM": "0",
          "AVAIL_URAM": "0",
          "UTIL_URAM": "0"
        }
      },
      "ff_monitor_gen_Pipeline_4": {
        "Latency": {
          "LatencyBest": "6",
          "LatencyAvg": "6",
          "LatencyWorst": "6",
          "PipelineII": "6",
          "PipelineDepth": "",
          "PipelineType": "no"
        },
        "Timing": {
          "Target": "10.00",
          "Uncertainty": "2.70",
          "Estimate": "2.756"
        },
        "Loops": [{
            "Name": "Loop 1",
            "TripCount": "4",
            "Latency": "4",
            "PipelineII": "1",
            "PipelineDepth": "1"
          }],
        "Area": {
          "FF": "5",
          "AVAIL_FF": "128000",
          "UTIL_FF": "~0",
          "LUT": "47",
          "AVAIL_LUT": "64000",
          "UTIL_LUT": "~0",
          "BRAM_18K": "0",
          "AVAIL_BRAM": "240",
          "UTIL_BRAM": "0",
          "DSP": "0",
          "AVAIL_DSP": "160",
          "UTIL_DSP": "0",
          "URAM": "0",
          "AVAIL_URAM": "0",
          "UTIL_URAM": "0"
        }
      },
      "ff_monitor_gen_Pipeline_row_loop_column_loop": {
        "Latency": {
          "LatencyBest": "",
          "LatencyAvg": "",
          "LatencyWorst": "",
          "PipelineII": "",
          "PipelineDepth": "",
          "PipelineType": "no"
        },
        "Timing": {
          "Target": "10.00",
          "Uncertainty": "2.70",
          "Estimate": "7.938"
        },
        "Loops": [{
            "Name": "row_loop_column_loop",
            "TripCount": "",
            "Latency": "",
            "PipelineII": "4",
            "PipelineDepth": "6"
          }],
        "Area": {
          "BRAM_18K": "10",
          "AVAIL_BRAM": "240",
          "UTIL_BRAM": "4",
          "FF": "395",
          "AVAIL_FF": "128000",
          "UTIL_FF": "~0",
          "LUT": "1911",
          "AVAIL_LUT": "64000",
          "UTIL_LUT": "2",
          "DSP": "0",
          "AVAIL_DSP": "160",
          "UTIL_DSP": "0",
          "URAM": "0",
          "AVAIL_URAM": "0",
          "UTIL_URAM": "0"
        }
      },
      "ff_monitor_gen": {
        "Latency": {
          "LatencyBest": "",
          "LatencyAvg": "",
          "LatencyWorst": "",
          "PipelineII": "",
          "PipelineDepth": "",
          "PipelineType": "no"
        },
        "Timing": {
          "Target": "10.00",
          "Uncertainty": "2.70",
          "Estimate": "7.938"
        },
        "Area": {
          "BRAM_18K": "10",
          "AVAIL_BRAM": "240",
          "UTIL_BRAM": "4",
          "DSP": "3",
          "AVAIL_DSP": "160",
          "UTIL_DSP": "1",
          "FF": "1267",
          "AVAIL_FF": "128000",
          "UTIL_FF": "~0",
          "LUT": "3232",
          "AVAIL_LUT": "64000",
          "UTIL_LUT": "5",
          "URAM": "0",
          "AVAIL_URAM": "0",
          "UTIL_URAM": "0"
        }
      }
    }
  },
  "GenerateBdFiles": "0",
  "GenData": {
    "DataVersion": "0.2",
    "Time": "2022-11-17 23:26:45 +0100",
    "ToolName": "vitis_hls",
    "ToolVersion": "2022.2"
  }
}
