<?xml version="1.0" encoding="UTF-8"?>
<vivadoHLSLog:LogRoot xmlns:vivadoHLSLog="www.xilinx.com/vivadoHLSLog">
  <errorLogs>
    <logs>
      <synLog/>
      <simLog/>
      <mgLog/>
      <packageLog/>
      <csimLog>
        <logs message="ERROR: [SIM 211-100] CSim file generation failed: compilation error(s)." projectName="ff_monitor" solutionName="solution1" date="2022-11-17T23:49:37.226+0100"/>
        <logs message="ERROR: [SIM 211-100] CSim file generation failed: compilation error(s)." projectName="ff_monitor" solutionName="solution1" date="2022-11-17T23:48:56.763+0100"/>
      </csimLog>
    </logs>
  </errorLogs>
  <warningLogs>
    <logs>
      <synLog>
        <logs message="WARNING: [RTGEN 206-101] Design contains AXI ports. Reset is fixed to synchronous and active low." projectName="ff_monitor" solutionName="solution1" date="2022-11-17T23:26:43.485+0100" type="Warning"/>
        <logs message="WARNING: [HLS 200-1016] The critical path in module 'ff_monitor_gen_Pipeline_row_loop_column_loop' consists of the following:&#x9;'load' operation ('y', ff_monitor.cpp:131) on local variable 'y' [51]  (0 ns)&#xD;&#xA;&#x9;'add' operation ('y', ff_monitor.cpp:131) [102]  (2.12 ns)&#xD;&#xA;&#x9;'add' operation ('y_0_off7_mid1', ff_monitor.cpp:131) [114]  (2.12 ns)&#xD;&#xA;&#x9;'icmp' operation ('p_not_mid1', ff_monitor.cpp:131) [115]  (2.11 ns)&#xD;&#xA;&#x9;'select' operation ('select_ln131_2', ff_monitor.cpp:131) [116]  (0.813 ns)&#xD;&#xA;&#x9;blocking operation 0.777 ns on control path)&#xD;&#xA;&#xA;&#xD;&#xA;Resolution: For help on HLS 200-1016 see www.xilinx.com/cgi-bin/docs/rdoc?v=2022.2;t=hls+guidance;d=200-1016.html" projectName="ff_monitor" solutionName="solution1" date="2022-11-17T23:26:40.604+0100" type="Warning"/>
        <logs message="WARNING: [HLS 200-871] Estimated clock period (7.93837ns) exceeds the target (target clock period: 10ns, clock uncertainty: 2.7ns, effective delay budget: 7.3ns).&#xD;&#xA;Resolution: For help on HLS 200-871 see www.xilinx.com/cgi-bin/docs/rdoc?v=2022.2;t=hls+guidance;d=200-871.html" projectName="ff_monitor" solutionName="solution1" date="2022-11-17T23:26:40.584+0100" type="Warning"/>
        <logs message="WARNING: [HLS 200-885] The II Violation in module 'ff_monitor_gen_Pipeline_row_loop_column_loop' (loop 'row_loop_column_loop'): Unable to schedule 'store' operation ('pixel_addr_1_write_ln152', ff_monitor.cpp:152) of constant 0 on array 'pixel' due to limited memory ports (II = 3). Please consider using a memory core with more ports or partitioning the array 'pixel'.&#xD;&#xA;Resolution: For help on HLS 200-885 see www.xilinx.com/cgi-bin/docs/rdoc?v=2022.2;t=hls+guidance;d=200-885.html" projectName="ff_monitor" solutionName="solution1" date="2022-11-17T23:26:40.564+0100" type="Warning"/>
        <logs message="WARNING: [HLS 200-885] The II Violation in module 'ff_monitor_gen_Pipeline_row_loop_column_loop' (loop 'row_loop_column_loop'): Unable to schedule 'store' operation ('count_pixel_addr_4_write_ln151', ff_monitor.cpp:151) of constant 0 on array 'count_pixel' due to limited memory ports (II = 2). Please consider using a memory core with more ports or partitioning the array 'count_pixel'.&#xD;&#xA;Resolution: For help on HLS 200-885 see www.xilinx.com/cgi-bin/docs/rdoc?v=2022.2;t=hls+guidance;d=200-885.html" projectName="ff_monitor" solutionName="solution1" date="2022-11-17T23:26:40.434+0100" type="Warning"/>
        <logs message="WARNING: [HLS 200-880] The II Violation in module 'ff_monitor_gen_Pipeline_row_loop_column_loop' (loop 'row_loop_column_loop'): Unable to enforce a carried dependence constraint (II = 1, distance = 1, offset = 1) between 'store' operation ('count_line_addr_8_write_ln70', ff_monitor.cpp:70) of variable 'add_ln70', ff_monitor.cpp:70 on array 'count_line' and 'load' operation ('count_line_load', ff_monitor.cpp:63) on array 'count_line'.&#xD;&#xA;Resolution: For help on HLS 200-880 see www.xilinx.com/cgi-bin/docs/rdoc?v=2022.2;t=hls+guidance;d=200-880.html" projectName="ff_monitor" solutionName="solution1" date="2022-11-17T23:26:40.364+0100" type="Warning"/>
        <logs message="WARNING: [HLS 214-167] The program may have out of bound array access (ff_monitor.cpp:152:19)" projectName="ff_monitor" solutionName="solution1" date="2022-11-17T23:26:38.564+0100" type="Warning"/>
        <logs message="WARNING: [HLS 214-167] The program may have out of bound array access (ff_monitor.cpp:151:25)" projectName="ff_monitor" solutionName="solution1" date="2022-11-17T23:26:38.554+0100" type="Warning"/>
        <logs message="WARNING: [HLS 214-167] The program may have out of bound array access (ff_monitor.cpp:150:24)" projectName="ff_monitor" solutionName="solution1" date="2022-11-17T23:26:38.544+0100" type="Warning"/>
        <logs message="WARNING: [HLS 214-167] The program may have out of bound array access (ff_monitor.cpp:149:18)" projectName="ff_monitor" solutionName="solution1" date="2022-11-17T23:26:38.524+0100" type="Warning"/>
        <logs message="WARNING: [HLS 207-5094] &amp; has lower precedence than &lt;; &lt; will be evaluated first (ff_monitor.cpp:69:25)" projectName="ff_monitor" solutionName="solution1" date="2022-11-17T23:26:30.142+0100" type="Warning"/>
        <logs message="WARNING: [HLS 207-5094] &amp; has lower precedence than ==; == will be evaluated first (ff_monitor.cpp:63:24)" projectName="ff_monitor" solutionName="solution1" date="2022-11-17T23:26:30.122+0100" type="Warning"/>
      </synLog>
      <simLog/>
      <mgLog/>
      <packageLog/>
      <csimLog/>
    </logs>
  </warningLogs>
</vivadoHLSLog:LogRoot>
