{"sourceFile": [{
      "name": "",
      "directive": [
        {
          "functionName": "ff_monitor_gen",
          "label": "",
          "functionLabel": "",
          "id": "1",
          "sourceFile": "C:\/sp701\/ff_monitor\/ff_monitor\/solution1\/directives.tcl",
          "sourceLine": "6",
          "pragma": {
            "name": "TOP",
            "option": [{
                "name": "name",
                "value": "ff_monitor_gen"
              }]
          }
        },
        {
          "functionName": "ff_monitor_gen",
          "label": "",
          "functionLabel": "",
          "id": "2",
          "sourceFile": "C:\/sp701\/ff_monitor\/ff_monitor\/solution1\/csynth.tcl",
          "sourceLine": "20",
          "pragma": {
            "name": "TOP",
            "option": [{
                "name": "name",
                "value": "ff_monitor_gen"
              }]
          }
        }
      ]
    }]}
