<dict>
  <key>main-file</key>
  <string>C:/sp701/ff_monitor/ff_monitor/solution1/.autopilot/db/ff_monitor.pp.0.cpp</string>
  <key>diagnostics</key>
  <array>
    <dict>
      <key>level</key>
      <string>warning</string>
      <key>filename</key>
      <string>ff_monitor.cpp</string>
      <key>line</key>
      <integer>63</integer>
      <key>column</key>
      <integer>24</integer>
      <key>message</key>
      <string>&amp; has lower precedence than ==; == will be evaluated first</string>
      <key>ID</key>
      <integer>5094</integer>
      <key>WarningOption</key>
      <string>parentheses</string>
    </dict>
    <dict>
      <key>level</key>
      <string>note</string>
      <key>filename</key>
      <string>ff_monitor.cpp</string>
      <key>line</key>
      <integer>63</integer>
      <key>column</key>
      <integer>24</integer>
      <key>message</key>
      <string>place parentheses around the &apos;==&apos; expression to silence this warning</string>
      <key>ID</key>
      <integer>4428</integer>
    </dict>
    <dict>
      <key>level</key>
      <string>note</string>
      <key>filename</key>
      <string>ff_monitor.cpp</string>
      <key>line</key>
      <integer>63</integer>
      <key>column</key>
      <integer>24</integer>
      <key>message</key>
      <string>place parentheses around the &amp; expression to evaluate it first</string>
      <key>ID</key>
      <integer>4426</integer>
    </dict>
    <dict>
      <key>level</key>
      <string>warning</string>
      <key>filename</key>
      <string>ff_monitor.cpp</string>
      <key>line</key>
      <integer>69</integer>
      <key>column</key>
      <integer>25</integer>
      <key>message</key>
      <string>&amp; has lower precedence than &lt;; &lt; will be evaluated first</string>
      <key>ID</key>
      <integer>5094</integer>
      <key>WarningOption</key>
      <string>parentheses</string>
    </dict>
    <dict>
      <key>level</key>
      <string>note</string>
      <key>filename</key>
      <string>ff_monitor.cpp</string>
      <key>line</key>
      <integer>69</integer>
      <key>column</key>
      <integer>25</integer>
      <key>message</key>
      <string>place parentheses around the &apos;&lt;&apos; expression to silence this warning</string>
      <key>ID</key>
      <integer>4428</integer>
    </dict>
    <dict>
      <key>level</key>
      <string>note</string>
      <key>filename</key>
      <string>ff_monitor.cpp</string>
      <key>line</key>
      <integer>69</integer>
      <key>column</key>
      <integer>25</integer>
      <key>message</key>
      <string>place parentheses around the &amp; expression to evaluate it first</string>
      <key>ID</key>
      <integer>4426</integer>
    </dict>
  </array>
</dict>
