<?xml version="1.0" encoding="utf-8"?>
<BindInfo>
	<BindNode BINDTYPE="op" DISPLAY="bind_op icmp" ID="" IMPL="auto" LATENCY="0" OPTYPE="icmp" PRAGMA="" RTLNAME="exitcond18710_fu_50_p2" SOURCE="" VARIABLE="exitcond18710" MODULE="ff_monitor_gen_Pipeline_1" LOOP="Loop 1" BUNDLEDNAME="" DSP="0" BRAM="0" URAM="0"/>
	<BindNode BINDTYPE="op" DISPLAY="bind_op add" ID="" IMPL="fabric" LATENCY="0" OPTYPE="add" PRAGMA="" RTLNAME="empty_26_fu_56_p2" SOURCE="" VARIABLE="empty_26" MODULE="ff_monitor_gen_Pipeline_1" LOOP="Loop 1" BUNDLEDNAME="" DSP="0" BRAM="0" URAM="0"/>
	<BindNode BINDTYPE="op" DISPLAY="bind_op icmp" ID="" IMPL="auto" LATENCY="0" OPTYPE="icmp" PRAGMA="" RTLNAME="exitcond1869_fu_50_p2" SOURCE="" VARIABLE="exitcond1869" MODULE="ff_monitor_gen_Pipeline_2" LOOP="Loop 1" BUNDLEDNAME="" DSP="0" BRAM="0" URAM="0"/>
	<BindNode BINDTYPE="op" DISPLAY="bind_op add" ID="" IMPL="fabric" LATENCY="0" OPTYPE="add" PRAGMA="" RTLNAME="empty_24_fu_56_p2" SOURCE="" VARIABLE="empty_24" MODULE="ff_monitor_gen_Pipeline_2" LOOP="Loop 1" BUNDLEDNAME="" DSP="0" BRAM="0" URAM="0"/>
	<BindNode BINDTYPE="op" DISPLAY="bind_op icmp" ID="" IMPL="auto" LATENCY="0" OPTYPE="icmp" PRAGMA="" RTLNAME="exitcond1858_fu_50_p2" SOURCE="" VARIABLE="exitcond1858" MODULE="ff_monitor_gen_Pipeline_3" LOOP="Loop 1" BUNDLEDNAME="" DSP="0" BRAM="0" URAM="0"/>
	<BindNode BINDTYPE="op" DISPLAY="bind_op add" ID="" IMPL="fabric" LATENCY="0" OPTYPE="add" PRAGMA="" RTLNAME="empty_22_fu_56_p2" SOURCE="" VARIABLE="empty_22" MODULE="ff_monitor_gen_Pipeline_3" LOOP="Loop 1" BUNDLEDNAME="" DSP="0" BRAM="0" URAM="0"/>
	<BindNode BINDTYPE="op" DISPLAY="bind_op icmp" ID="" IMPL="auto" LATENCY="0" OPTYPE="icmp" PRAGMA="" RTLNAME="exitcond1847_fu_50_p2" SOURCE="" VARIABLE="exitcond1847" MODULE="ff_monitor_gen_Pipeline_4" LOOP="Loop 1" BUNDLEDNAME="" DSP="0" BRAM="0" URAM="0"/>
	<BindNode BINDTYPE="op" DISPLAY="bind_op add" ID="" IMPL="fabric" LATENCY="0" OPTYPE="add" PRAGMA="" RTLNAME="empty_20_fu_56_p2" SOURCE="" VARIABLE="empty_20" MODULE="ff_monitor_gen_Pipeline_4" LOOP="Loop 1" BUNDLEDNAME="" DSP="0" BRAM="0" URAM="0"/>
	<BindNode BINDTYPE="op" DISPLAY="bind_op add" ID="" IMPL="fabric" LATENCY="0" OPTYPE="add" PRAGMA="" RTLNAME="y_0_off_fu_936_p2" SOURCE="ff_monitor.cpp:131" VARIABLE="y_0_off" MODULE="ff_monitor_gen_Pipeline_row_loop_column_loop" LOOP="row_loop_column_loop" BUNDLEDNAME="" DSP="0" BRAM="0" URAM="0"/>
	<BindNode BINDTYPE="op" DISPLAY="bind_op icmp" ID="" IMPL="auto" LATENCY="0" OPTYPE="icmp" PRAGMA="" RTLNAME="icmp_fu_952_p2" SOURCE="ff_monitor.cpp:131" VARIABLE="icmp" MODULE="ff_monitor_gen_Pipeline_row_loop_column_loop" LOOP="row_loop_column_loop" BUNDLEDNAME="" DSP="0" BRAM="0" URAM="0"/>
	<BindNode BINDTYPE="op" DISPLAY="bind_op icmp" ID="" IMPL="auto" LATENCY="0" OPTYPE="icmp" PRAGMA="" RTLNAME="cmp48_fu_958_p2" SOURCE="ff_monitor.cpp:131" VARIABLE="cmp48" MODULE="ff_monitor_gen_Pipeline_row_loop_column_loop" LOOP="row_loop_column_loop" BUNDLEDNAME="" DSP="0" BRAM="0" URAM="0"/>
	<BindNode BINDTYPE="op" DISPLAY="bind_op icmp" ID="" IMPL="auto" LATENCY="0" OPTYPE="icmp" PRAGMA="" RTLNAME="cmp51_fu_963_p2" SOURCE="ff_monitor.cpp:131" VARIABLE="cmp51" MODULE="ff_monitor_gen_Pipeline_row_loop_column_loop" LOOP="row_loop_column_loop" BUNDLEDNAME="" DSP="0" BRAM="0" URAM="0"/>
	<BindNode BINDTYPE="op" DISPLAY="bind_op and" ID="" IMPL="auto" LATENCY="0" OPTYPE="and" PRAGMA="" RTLNAME="and532_fu_968_p2" SOURCE="ff_monitor.cpp:131" VARIABLE="and532" MODULE="ff_monitor_gen_Pipeline_row_loop_column_loop" LOOP="row_loop_column_loop" BUNDLEDNAME="" DSP="0" BRAM="0" URAM="0"/>
	<BindNode BINDTYPE="op" DISPLAY="bind_op or" ID="" IMPL="auto" LATENCY="0" OPTYPE="or" PRAGMA="" RTLNAME="or3_fu_974_p2" SOURCE="ff_monitor.cpp:131" VARIABLE="or3" MODULE="ff_monitor_gen_Pipeline_row_loop_column_loop" LOOP="row_loop_column_loop" BUNDLEDNAME="" DSP="0" BRAM="0" URAM="0"/>
	<BindNode BINDTYPE="op" DISPLAY="bind_op add" ID="" IMPL="fabric" LATENCY="0" OPTYPE="add" PRAGMA="" RTLNAME="y_0_off7_fu_980_p2" SOURCE="ff_monitor.cpp:131" VARIABLE="y_0_off7" MODULE="ff_monitor_gen_Pipeline_row_loop_column_loop" LOOP="row_loop_column_loop" BUNDLEDNAME="" DSP="0" BRAM="0" URAM="0"/>
	<BindNode BINDTYPE="op" DISPLAY="bind_op icmp" ID="" IMPL="auto" LATENCY="0" OPTYPE="icmp" PRAGMA="" RTLNAME="p_not_fu_986_p2" SOURCE="ff_monitor.cpp:131" VARIABLE="p_not" MODULE="ff_monitor_gen_Pipeline_row_loop_column_loop" LOOP="row_loop_column_loop" BUNDLEDNAME="" DSP="0" BRAM="0" URAM="0"/>
	<BindNode BINDTYPE="op" DISPLAY="bind_op icmp" ID="" IMPL="auto" LATENCY="0" OPTYPE="icmp" PRAGMA="" RTLNAME="icmp_ln133_fu_996_p2" SOURCE="ff_monitor.cpp:133" VARIABLE="icmp_ln133" MODULE="ff_monitor_gen_Pipeline_row_loop_column_loop" LOOP="row_loop_column_loop" BUNDLEDNAME="" DSP="0" BRAM="0" URAM="0"/>
	<BindNode BINDTYPE="op" DISPLAY="bind_op icmp" ID="" IMPL="auto" LATENCY="0" OPTYPE="icmp" PRAGMA="" RTLNAME="icmp_ln131_fu_1001_p2" SOURCE="ff_monitor.cpp:131" VARIABLE="icmp_ln131" MODULE="ff_monitor_gen_Pipeline_row_loop_column_loop" LOOP="row_loop_column_loop" BUNDLEDNAME="" DSP="0" BRAM="0" URAM="0"/>
	<BindNode BINDTYPE="op" DISPLAY="bind_op add" ID="" IMPL="fabric" LATENCY="0" OPTYPE="add" PRAGMA="" RTLNAME="add_ln131_fu_1467_p2" SOURCE="ff_monitor.cpp:131" VARIABLE="add_ln131" MODULE="ff_monitor_gen_Pipeline_row_loop_column_loop" LOOP="row_loop_column_loop" BUNDLEDNAME="" DSP="0" BRAM="0" URAM="0"/>
	<BindNode BINDTYPE="op" DISPLAY="bind_op add" ID="" IMPL="fabric" LATENCY="0" OPTYPE="add" PRAGMA="" RTLNAME="y_3_fu_1006_p2" SOURCE="ff_monitor.cpp:131" VARIABLE="y_3" MODULE="ff_monitor_gen_Pipeline_row_loop_column_loop" LOOP="row_loop_column_loop" BUNDLEDNAME="" DSP="0" BRAM="0" URAM="0"/>
	<BindNode BINDTYPE="op" DISPLAY="bind_op select" ID="" IMPL="auto_sel" LATENCY="0" OPTYPE="select" PRAGMA="" RTLNAME="select_ln131_fu_1012_p3" SOURCE="ff_monitor.cpp:131" VARIABLE="select_ln131" MODULE="ff_monitor_gen_Pipeline_row_loop_column_loop" LOOP="row_loop_column_loop" BUNDLEDNAME="" DSP="0" BRAM="0" URAM="0"/>
	<BindNode BINDTYPE="op" DISPLAY="bind_op add" ID="" IMPL="fabric" LATENCY="0" OPTYPE="add" PRAGMA="" RTLNAME="y_0_off_mid1_fu_1024_p2" SOURCE="ff_monitor.cpp:131" VARIABLE="y_0_off_mid1" MODULE="ff_monitor_gen_Pipeline_row_loop_column_loop" LOOP="row_loop_column_loop" BUNDLEDNAME="" DSP="0" BRAM="0" URAM="0"/>
	<BindNode BINDTYPE="op" DISPLAY="bind_op icmp" ID="" IMPL="auto" LATENCY="0" OPTYPE="icmp" PRAGMA="" RTLNAME="icmp27_fu_1040_p2" SOURCE="ff_monitor.cpp:131" VARIABLE="icmp27" MODULE="ff_monitor_gen_Pipeline_row_loop_column_loop" LOOP="row_loop_column_loop" BUNDLEDNAME="" DSP="0" BRAM="0" URAM="0"/>
	<BindNode BINDTYPE="op" DISPLAY="bind_op icmp" ID="" IMPL="auto" LATENCY="0" OPTYPE="icmp" PRAGMA="" RTLNAME="cmp48_mid1_fu_1046_p2" SOURCE="ff_monitor.cpp:131" VARIABLE="cmp48_mid1" MODULE="ff_monitor_gen_Pipeline_row_loop_column_loop" LOOP="row_loop_column_loop" BUNDLEDNAME="" DSP="0" BRAM="0" URAM="0"/>
	<BindNode BINDTYPE="op" DISPLAY="bind_op icmp" ID="" IMPL="auto" LATENCY="0" OPTYPE="icmp" PRAGMA="" RTLNAME="cmp51_mid1_fu_1051_p2" SOURCE="ff_monitor.cpp:131" VARIABLE="cmp51_mid1" MODULE="ff_monitor_gen_Pipeline_row_loop_column_loop" LOOP="row_loop_column_loop" BUNDLEDNAME="" DSP="0" BRAM="0" URAM="0"/>
	<BindNode BINDTYPE="op" DISPLAY="bind_op and" ID="" IMPL="auto" LATENCY="0" OPTYPE="and" PRAGMA="" RTLNAME="and532_mid1_fu_1056_p2" SOURCE="ff_monitor.cpp:131" VARIABLE="and532_mid1" MODULE="ff_monitor_gen_Pipeline_row_loop_column_loop" LOOP="row_loop_column_loop" BUNDLEDNAME="" DSP="0" BRAM="0" URAM="0"/>
	<BindNode BINDTYPE="op" DISPLAY="bind_op or" ID="" IMPL="auto" LATENCY="0" OPTYPE="or" PRAGMA="" RTLNAME="or3_mid1_fu_1062_p2" SOURCE="ff_monitor.cpp:131" VARIABLE="or3_mid1" MODULE="ff_monitor_gen_Pipeline_row_loop_column_loop" LOOP="row_loop_column_loop" BUNDLEDNAME="" DSP="0" BRAM="0" URAM="0"/>
	<BindNode BINDTYPE="op" DISPLAY="bind_op select" ID="" IMPL="auto_sel" LATENCY="0" OPTYPE="select" PRAGMA="" RTLNAME="select_ln131_1_fu_1068_p3" SOURCE="ff_monitor.cpp:131" VARIABLE="select_ln131_1" MODULE="ff_monitor_gen_Pipeline_row_loop_column_loop" LOOP="row_loop_column_loop" BUNDLEDNAME="" DSP="0" BRAM="0" URAM="0"/>
	<BindNode BINDTYPE="op" DISPLAY="bind_op add" ID="" IMPL="fabric" LATENCY="0" OPTYPE="add" PRAGMA="" RTLNAME="y_0_off7_mid1_fu_1076_p2" SOURCE="ff_monitor.cpp:131" VARIABLE="y_0_off7_mid1" MODULE="ff_monitor_gen_Pipeline_row_loop_column_loop" LOOP="row_loop_column_loop" BUNDLEDNAME="" DSP="0" BRAM="0" URAM="0"/>
	<BindNode BINDTYPE="op" DISPLAY="bind_op icmp" ID="" IMPL="auto" LATENCY="0" OPTYPE="icmp" PRAGMA="" RTLNAME="p_not_mid1_fu_1082_p2" SOURCE="ff_monitor.cpp:131" VARIABLE="p_not_mid1" MODULE="ff_monitor_gen_Pipeline_row_loop_column_loop" LOOP="row_loop_column_loop" BUNDLEDNAME="" DSP="0" BRAM="0" URAM="0"/>
	<BindNode BINDTYPE="op" DISPLAY="bind_op select" ID="" IMPL="auto_sel" LATENCY="0" OPTYPE="select" PRAGMA="" RTLNAME="select_ln131_2_fu_1088_p3" SOURCE="ff_monitor.cpp:131" VARIABLE="select_ln131_2" MODULE="ff_monitor_gen_Pipeline_row_loop_column_loop" LOOP="row_loop_column_loop" BUNDLEDNAME="" DSP="0" BRAM="0" URAM="0"/>
	<BindNode BINDTYPE="op" DISPLAY="bind_op select" ID="" IMPL="auto_sel" LATENCY="0" OPTYPE="select" PRAGMA="" RTLNAME="select_ln131_3_fu_1101_p3" SOURCE="ff_monitor.cpp:131" VARIABLE="select_ln131_3" MODULE="ff_monitor_gen_Pipeline_row_loop_column_loop" LOOP="row_loop_column_loop" BUNDLEDNAME="" DSP="0" BRAM="0" URAM="0"/>
	<BindNode BINDTYPE="op" DISPLAY="bind_op or" ID="" IMPL="auto" LATENCY="0" OPTYPE="or" PRAGMA="" RTLNAME="or_ln134_fu_1109_p2" SOURCE="ff_monitor.cpp:134" VARIABLE="or_ln134" MODULE="ff_monitor_gen_Pipeline_row_loop_column_loop" LOOP="row_loop_column_loop" BUNDLEDNAME="" DSP="0" BRAM="0" URAM="0"/>
	<BindNode BINDTYPE="op" DISPLAY="bind_op icmp" ID="" IMPL="auto" LATENCY="0" OPTYPE="icmp" PRAGMA="" RTLNAME="icmp_ln134_fu_1115_p2" SOURCE="ff_monitor.cpp:134" VARIABLE="icmp_ln134" MODULE="ff_monitor_gen_Pipeline_row_loop_column_loop" LOOP="row_loop_column_loop" BUNDLEDNAME="" DSP="0" BRAM="0" URAM="0"/>
	<BindNode BINDTYPE="op" DISPLAY="bind_op icmp" ID="" IMPL="auto" LATENCY="0" OPTYPE="icmp" PRAGMA="" RTLNAME="icmp_ln138_fu_1121_p2" SOURCE="ff_monitor.cpp:138" VARIABLE="icmp_ln138" MODULE="ff_monitor_gen_Pipeline_row_loop_column_loop" LOOP="row_loop_column_loop" BUNDLEDNAME="" DSP="0" BRAM="0" URAM="0"/>
	<BindNode BINDTYPE="op" DISPLAY="bind_op add" ID="" IMPL="fabric" LATENCY="0" OPTYPE="add" PRAGMA="" RTLNAME="add_ln160_fu_1126_p2" SOURCE="ff_monitor.cpp:160" VARIABLE="add_ln160" MODULE="ff_monitor_gen_Pipeline_row_loop_column_loop" LOOP="row_loop_column_loop" BUNDLEDNAME="" DSP="0" BRAM="0" URAM="0"/>
	<BindNode BINDTYPE="op" DISPLAY="bind_op icmp" ID="" IMPL="auto" LATENCY="0" OPTYPE="icmp" PRAGMA="" RTLNAME="icmp_ln160_fu_1142_p2" SOURCE="ff_monitor.cpp:160" VARIABLE="icmp_ln160" MODULE="ff_monitor_gen_Pipeline_row_loop_column_loop" LOOP="row_loop_column_loop" BUNDLEDNAME="" DSP="0" BRAM="0" URAM="0"/>
	<BindNode BINDTYPE="op" DISPLAY="bind_op icmp" ID="" IMPL="auto" LATENCY="0" OPTYPE="icmp" PRAGMA="" RTLNAME="icmp_ln164_fu_1148_p2" SOURCE="ff_monitor.cpp:164" VARIABLE="icmp_ln164" MODULE="ff_monitor_gen_Pipeline_row_loop_column_loop" LOOP="row_loop_column_loop" BUNDLEDNAME="" DSP="0" BRAM="0" URAM="0"/>
	<BindNode BINDTYPE="op" DISPLAY="bind_op icmp" ID="" IMPL="auto" LATENCY="0" OPTYPE="icmp" PRAGMA="" RTLNAME="grp_fu_904_p2" SOURCE="ff_monitor.cpp:164" VARIABLE="icmp_ln164_1" MODULE="ff_monitor_gen_Pipeline_row_loop_column_loop" LOOP="row_loop_column_loop" BUNDLEDNAME="" DSP="0" BRAM="0" URAM="0"/>
	<BindNode BINDTYPE="op" DISPLAY="bind_op and" ID="" IMPL="auto" LATENCY="0" OPTYPE="and" PRAGMA="" RTLNAME="and_ln164_fu_1153_p2" SOURCE="ff_monitor.cpp:164" VARIABLE="and_ln164" MODULE="ff_monitor_gen_Pipeline_row_loop_column_loop" LOOP="row_loop_column_loop" BUNDLEDNAME="" DSP="0" BRAM="0" URAM="0"/>
	<BindNode BINDTYPE="op" DISPLAY="bind_op or" ID="" IMPL="auto" LATENCY="0" OPTYPE="or" PRAGMA="" RTLNAME="or_ln164_fu_1171_p2" SOURCE="ff_monitor.cpp:164" VARIABLE="or_ln164" MODULE="ff_monitor_gen_Pipeline_row_loop_column_loop" LOOP="row_loop_column_loop" BUNDLEDNAME="" DSP="0" BRAM="0" URAM="0"/>
	<BindNode BINDTYPE="op" DISPLAY="bind_op select" ID="" IMPL="auto_sel" LATENCY="0" OPTYPE="select" PRAGMA="" RTLNAME="select_ln164_fu_1175_p3" SOURCE="ff_monitor.cpp:164" VARIABLE="select_ln164" MODULE="ff_monitor_gen_Pipeline_row_loop_column_loop" LOOP="row_loop_column_loop" BUNDLEDNAME="" DSP="0" BRAM="0" URAM="0"/>
	<BindNode BINDTYPE="op" DISPLAY="bind_op icmp" ID="" IMPL="auto" LATENCY="0" OPTYPE="icmp" PRAGMA="" RTLNAME="icmp_ln171_fu_1182_p2" SOURCE="ff_monitor.cpp:171" VARIABLE="icmp_ln171" MODULE="ff_monitor_gen_Pipeline_row_loop_column_loop" LOOP="row_loop_column_loop" BUNDLEDNAME="" DSP="0" BRAM="0" URAM="0"/>
	<BindNode BINDTYPE="op" DISPLAY="bind_op icmp" ID="" IMPL="auto" LATENCY="0" OPTYPE="icmp" PRAGMA="" RTLNAME="icmp_ln171_1_fu_1187_p2" SOURCE="ff_monitor.cpp:171" VARIABLE="icmp_ln171_1" MODULE="ff_monitor_gen_Pipeline_row_loop_column_loop" LOOP="row_loop_column_loop" BUNDLEDNAME="" DSP="0" BRAM="0" URAM="0"/>
	<BindNode BINDTYPE="op" DISPLAY="bind_op and" ID="" IMPL="auto" LATENCY="0" OPTYPE="and" PRAGMA="" RTLNAME="and_ln171_fu_1192_p2" SOURCE="ff_monitor.cpp:171" VARIABLE="and_ln171" MODULE="ff_monitor_gen_Pipeline_row_loop_column_loop" LOOP="row_loop_column_loop" BUNDLEDNAME="" DSP="0" BRAM="0" URAM="0"/>
	<BindNode BINDTYPE="op" DISPLAY="bind_op icmp" ID="" IMPL="auto" LATENCY="0" OPTYPE="icmp" PRAGMA="" RTLNAME="icmp_ln171_8_fu_1198_p2" SOURCE="ff_monitor.cpp:171" VARIABLE="icmp_ln171_8" MODULE="ff_monitor_gen_Pipeline_row_loop_column_loop" LOOP="row_loop_column_loop" BUNDLEDNAME="" DSP="0" BRAM="0" URAM="0"/>
	<BindNode BINDTYPE="op" DISPLAY="bind_op icmp" ID="" IMPL="auto" LATENCY="0" OPTYPE="icmp" PRAGMA="" RTLNAME="icmp_ln171_9_fu_1203_p2" SOURCE="ff_monitor.cpp:171" VARIABLE="icmp_ln171_9" MODULE="ff_monitor_gen_Pipeline_row_loop_column_loop" LOOP="row_loop_column_loop" BUNDLEDNAME="" DSP="0" BRAM="0" URAM="0"/>
	<BindNode BINDTYPE="op" DISPLAY="bind_op and" ID="" IMPL="auto" LATENCY="0" OPTYPE="and" PRAGMA="" RTLNAME="and_ln171_1_fu_1208_p2" SOURCE="ff_monitor.cpp:171" VARIABLE="and_ln171_1" MODULE="ff_monitor_gen_Pipeline_row_loop_column_loop" LOOP="row_loop_column_loop" BUNDLEDNAME="" DSP="0" BRAM="0" URAM="0"/>
	<BindNode BINDTYPE="op" DISPLAY="bind_op icmp" ID="" IMPL="auto" LATENCY="0" OPTYPE="icmp" PRAGMA="" RTLNAME="icmp_ln171_2_fu_1214_p2" SOURCE="ff_monitor.cpp:171" VARIABLE="icmp_ln171_2" MODULE="ff_monitor_gen_Pipeline_row_loop_column_loop" LOOP="row_loop_column_loop" BUNDLEDNAME="" DSP="0" BRAM="0" URAM="0"/>
	<BindNode BINDTYPE="op" DISPLAY="bind_op icmp" ID="" IMPL="auto" LATENCY="0" OPTYPE="icmp" PRAGMA="" RTLNAME="icmp_ln171_10_fu_1219_p2" SOURCE="ff_monitor.cpp:171" VARIABLE="icmp_ln171_10" MODULE="ff_monitor_gen_Pipeline_row_loop_column_loop" LOOP="row_loop_column_loop" BUNDLEDNAME="" DSP="0" BRAM="0" URAM="0"/>
	<BindNode BINDTYPE="op" DISPLAY="bind_op and" ID="" IMPL="auto" LATENCY="0" OPTYPE="and" PRAGMA="" RTLNAME="and_ln171_2_fu_1224_p2" SOURCE="ff_monitor.cpp:171" VARIABLE="and_ln171_2" MODULE="ff_monitor_gen_Pipeline_row_loop_column_loop" LOOP="row_loop_column_loop" BUNDLEDNAME="" DSP="0" BRAM="0" URAM="0"/>
	<BindNode BINDTYPE="op" DISPLAY="bind_op icmp" ID="" IMPL="auto" LATENCY="0" OPTYPE="icmp" PRAGMA="" RTLNAME="icmp_ln171_3_fu_1230_p2" SOURCE="ff_monitor.cpp:171" VARIABLE="icmp_ln171_3" MODULE="ff_monitor_gen_Pipeline_row_loop_column_loop" LOOP="row_loop_column_loop" BUNDLEDNAME="" DSP="0" BRAM="0" URAM="0"/>
	<BindNode BINDTYPE="op" DISPLAY="bind_op icmp" ID="" IMPL="auto" LATENCY="0" OPTYPE="icmp" PRAGMA="" RTLNAME="icmp_ln171_11_fu_1235_p2" SOURCE="ff_monitor.cpp:171" VARIABLE="icmp_ln171_11" MODULE="ff_monitor_gen_Pipeline_row_loop_column_loop" LOOP="row_loop_column_loop" BUNDLEDNAME="" DSP="0" BRAM="0" URAM="0"/>
	<BindNode BINDTYPE="op" DISPLAY="bind_op and" ID="" IMPL="auto" LATENCY="0" OPTYPE="and" PRAGMA="" RTLNAME="and_ln171_3_fu_1240_p2" SOURCE="ff_monitor.cpp:171" VARIABLE="and_ln171_3" MODULE="ff_monitor_gen_Pipeline_row_loop_column_loop" LOOP="row_loop_column_loop" BUNDLEDNAME="" DSP="0" BRAM="0" URAM="0"/>
	<BindNode BINDTYPE="op" DISPLAY="bind_op icmp" ID="" IMPL="auto" LATENCY="0" OPTYPE="icmp" PRAGMA="" RTLNAME="icmp_ln171_4_fu_1246_p2" SOURCE="ff_monitor.cpp:171" VARIABLE="icmp_ln171_4" MODULE="ff_monitor_gen_Pipeline_row_loop_column_loop" LOOP="row_loop_column_loop" BUNDLEDNAME="" DSP="0" BRAM="0" URAM="0"/>
	<BindNode BINDTYPE="op" DISPLAY="bind_op icmp" ID="" IMPL="auto" LATENCY="0" OPTYPE="icmp" PRAGMA="" RTLNAME="icmp_ln171_12_fu_1251_p2" SOURCE="ff_monitor.cpp:171" VARIABLE="icmp_ln171_12" MODULE="ff_monitor_gen_Pipeline_row_loop_column_loop" LOOP="row_loop_column_loop" BUNDLEDNAME="" DSP="0" BRAM="0" URAM="0"/>
	<BindNode BINDTYPE="op" DISPLAY="bind_op and" ID="" IMPL="auto" LATENCY="0" OPTYPE="and" PRAGMA="" RTLNAME="and_ln171_4_fu_1256_p2" SOURCE="ff_monitor.cpp:171" VARIABLE="and_ln171_4" MODULE="ff_monitor_gen_Pipeline_row_loop_column_loop" LOOP="row_loop_column_loop" BUNDLEDNAME="" DSP="0" BRAM="0" URAM="0"/>
	<BindNode BINDTYPE="op" DISPLAY="bind_op icmp" ID="" IMPL="auto" LATENCY="0" OPTYPE="icmp" PRAGMA="" RTLNAME="icmp_ln171_5_fu_1262_p2" SOURCE="ff_monitor.cpp:171" VARIABLE="icmp_ln171_5" MODULE="ff_monitor_gen_Pipeline_row_loop_column_loop" LOOP="row_loop_column_loop" BUNDLEDNAME="" DSP="0" BRAM="0" URAM="0"/>
	<BindNode BINDTYPE="op" DISPLAY="bind_op icmp" ID="" IMPL="auto" LATENCY="0" OPTYPE="icmp" PRAGMA="" RTLNAME="icmp_ln171_13_fu_1267_p2" SOURCE="ff_monitor.cpp:171" VARIABLE="icmp_ln171_13" MODULE="ff_monitor_gen_Pipeline_row_loop_column_loop" LOOP="row_loop_column_loop" BUNDLEDNAME="" DSP="0" BRAM="0" URAM="0"/>
	<BindNode BINDTYPE="op" DISPLAY="bind_op and" ID="" IMPL="auto" LATENCY="0" OPTYPE="and" PRAGMA="" RTLNAME="and_ln171_5_fu_1272_p2" SOURCE="ff_monitor.cpp:171" VARIABLE="and_ln171_5" MODULE="ff_monitor_gen_Pipeline_row_loop_column_loop" LOOP="row_loop_column_loop" BUNDLEDNAME="" DSP="0" BRAM="0" URAM="0"/>
	<BindNode BINDTYPE="op" DISPLAY="bind_op icmp" ID="" IMPL="auto" LATENCY="0" OPTYPE="icmp" PRAGMA="" RTLNAME="icmp_ln171_6_fu_1278_p2" SOURCE="ff_monitor.cpp:171" VARIABLE="icmp_ln171_6" MODULE="ff_monitor_gen_Pipeline_row_loop_column_loop" LOOP="row_loop_column_loop" BUNDLEDNAME="" DSP="0" BRAM="0" URAM="0"/>
	<BindNode BINDTYPE="op" DISPLAY="bind_op icmp" ID="" IMPL="auto" LATENCY="0" OPTYPE="icmp" PRAGMA="" RTLNAME="icmp_ln171_14_fu_1283_p2" SOURCE="ff_monitor.cpp:171" VARIABLE="icmp_ln171_14" MODULE="ff_monitor_gen_Pipeline_row_loop_column_loop" LOOP="row_loop_column_loop" BUNDLEDNAME="" DSP="0" BRAM="0" URAM="0"/>
	<BindNode BINDTYPE="op" DISPLAY="bind_op and" ID="" IMPL="auto" LATENCY="0" OPTYPE="and" PRAGMA="" RTLNAME="and_ln171_6_fu_1288_p2" SOURCE="ff_monitor.cpp:171" VARIABLE="and_ln171_6" MODULE="ff_monitor_gen_Pipeline_row_loop_column_loop" LOOP="row_loop_column_loop" BUNDLEDNAME="" DSP="0" BRAM="0" URAM="0"/>
	<BindNode BINDTYPE="op" DISPLAY="bind_op icmp" ID="" IMPL="auto" LATENCY="0" OPTYPE="icmp" PRAGMA="" RTLNAME="icmp_ln171_7_fu_1294_p2" SOURCE="ff_monitor.cpp:171" VARIABLE="icmp_ln171_7" MODULE="ff_monitor_gen_Pipeline_row_loop_column_loop" LOOP="row_loop_column_loop" BUNDLEDNAME="" DSP="0" BRAM="0" URAM="0"/>
	<BindNode BINDTYPE="op" DISPLAY="bind_op icmp" ID="" IMPL="auto" LATENCY="0" OPTYPE="icmp" PRAGMA="" RTLNAME="icmp_ln171_15_fu_1299_p2" SOURCE="ff_monitor.cpp:171" VARIABLE="icmp_ln171_15" MODULE="ff_monitor_gen_Pipeline_row_loop_column_loop" LOOP="row_loop_column_loop" BUNDLEDNAME="" DSP="0" BRAM="0" URAM="0"/>
	<BindNode BINDTYPE="op" DISPLAY="bind_op and" ID="" IMPL="auto" LATENCY="0" OPTYPE="and" PRAGMA="" RTLNAME="and_ln171_7_fu_1304_p2" SOURCE="ff_monitor.cpp:171" VARIABLE="and_ln171_7" MODULE="ff_monitor_gen_Pipeline_row_loop_column_loop" LOOP="row_loop_column_loop" BUNDLEDNAME="" DSP="0" BRAM="0" URAM="0"/>
	<BindNode BINDTYPE="op" DISPLAY="bind_op all" ID="" IMPL="tadder" LATENCY="0" OPTYPE="all" PRAGMA="" RTLNAME="add_ln37_fu_1438_p2" SOURCE="ff_monitor.cpp:37" VARIABLE="add_ln37" MODULE="ff_monitor_gen_Pipeline_row_loop_column_loop" LOOP="row_loop_column_loop" BUNDLEDNAME="" DSP="0" BRAM="0" URAM="0"/>
	<BindNode BINDTYPE="op" DISPLAY="bind_op all" ID="" IMPL="tadder" LATENCY="0" OPTYPE="all" PRAGMA="" RTLNAME="add_ln37_1_fu_1448_p2" SOURCE="ff_monitor.cpp:37" VARIABLE="add_ln37_1" MODULE="ff_monitor_gen_Pipeline_row_loop_column_loop" LOOP="row_loop_column_loop" BUNDLEDNAME="" DSP="0" BRAM="0" URAM="0"/>
	<BindNode BINDTYPE="op" DISPLAY="bind_op icmp" ID="" IMPL="auto" LATENCY="0" OPTYPE="icmp" PRAGMA="" RTLNAME="icmp_ln62_fu_1454_p2" SOURCE="ff_monitor.cpp:62" VARIABLE="icmp_ln62" MODULE="ff_monitor_gen_Pipeline_row_loop_column_loop" LOOP="row_loop_column_loop" BUNDLEDNAME="" DSP="0" BRAM="0" URAM="0"/>
	<BindNode BINDTYPE="op" DISPLAY="bind_op add" ID="" IMPL="fabric" LATENCY="0" OPTYPE="add" PRAGMA="" RTLNAME="add_ln79_fu_1460_p2" SOURCE="ff_monitor.cpp:79" VARIABLE="add_ln79" MODULE="ff_monitor_gen_Pipeline_row_loop_column_loop" LOOP="row_loop_column_loop" BUNDLEDNAME="" DSP="0" BRAM="0" URAM="0"/>
	<BindNode BINDTYPE="op" DISPLAY="bind_op icmp" ID="" IMPL="auto" LATENCY="0" OPTYPE="icmp" PRAGMA="" RTLNAME="icmp_ln63_fu_1485_p2" SOURCE="ff_monitor.cpp:63" VARIABLE="icmp_ln63" MODULE="ff_monitor_gen_Pipeline_row_loop_column_loop" LOOP="row_loop_column_loop" BUNDLEDNAME="" DSP="0" BRAM="0" URAM="0"/>
	<BindNode BINDTYPE="op" DISPLAY="bind_op icmp" ID="" IMPL="auto" LATENCY="0" OPTYPE="icmp" PRAGMA="" RTLNAME="icmp_ln63_1_fu_1490_p2" SOURCE="ff_monitor.cpp:63" VARIABLE="icmp_ln63_1" MODULE="ff_monitor_gen_Pipeline_row_loop_column_loop" LOOP="row_loop_column_loop" BUNDLEDNAME="" DSP="0" BRAM="0" URAM="0"/>
	<BindNode BINDTYPE="op" DISPLAY="bind_op and" ID="" IMPL="auto" LATENCY="0" OPTYPE="and" PRAGMA="" RTLNAME="and_ln63_fu_1496_p2" SOURCE="ff_monitor.cpp:63" VARIABLE="and_ln63" MODULE="ff_monitor_gen_Pipeline_row_loop_column_loop" LOOP="row_loop_column_loop" BUNDLEDNAME="" DSP="0" BRAM="0" URAM="0"/>
	<BindNode BINDTYPE="op" DISPLAY="bind_op icmp" ID="" IMPL="auto" LATENCY="0" OPTYPE="icmp" PRAGMA="" RTLNAME="icmp_ln69_fu_1502_p2" SOURCE="ff_monitor.cpp:69" VARIABLE="icmp_ln69" MODULE="ff_monitor_gen_Pipeline_row_loop_column_loop" LOOP="row_loop_column_loop" BUNDLEDNAME="" DSP="0" BRAM="0" URAM="0"/>
	<BindNode BINDTYPE="op" DISPLAY="bind_op and" ID="" IMPL="auto" LATENCY="0" OPTYPE="and" PRAGMA="" RTLNAME="and_ln69_fu_1508_p2" SOURCE="ff_monitor.cpp:69" VARIABLE="and_ln69" MODULE="ff_monitor_gen_Pipeline_row_loop_column_loop" LOOP="row_loop_column_loop" BUNDLEDNAME="" DSP="0" BRAM="0" URAM="0"/>
	<BindNode BINDTYPE="op" DISPLAY="bind_op add" ID="" IMPL="fabric" LATENCY="0" OPTYPE="add" PRAGMA="" RTLNAME="add_ln75_fu_1514_p2" SOURCE="ff_monitor.cpp:75" VARIABLE="add_ln75" MODULE="ff_monitor_gen_Pipeline_row_loop_column_loop" LOOP="row_loop_column_loop" BUNDLEDNAME="" DSP="0" BRAM="0" URAM="0"/>
	<BindNode BINDTYPE="op" DISPLAY="bind_op add" ID="" IMPL="fabric" LATENCY="0" OPTYPE="add" PRAGMA="" RTLNAME="add_ln70_fu_1520_p2" SOURCE="ff_monitor.cpp:70" VARIABLE="add_ln70" MODULE="ff_monitor_gen_Pipeline_row_loop_column_loop" LOOP="row_loop_column_loop" BUNDLEDNAME="" DSP="0" BRAM="0" URAM="0"/>
	<BindNode BINDTYPE="op" DISPLAY="bind_op add" ID="" IMPL="fabric" LATENCY="0" OPTYPE="add" PRAGMA="" RTLNAME="add_ln67_fu_1527_p2" SOURCE="ff_monitor.cpp:67" VARIABLE="add_ln67" MODULE="ff_monitor_gen_Pipeline_row_loop_column_loop" LOOP="row_loop_column_loop" BUNDLEDNAME="" DSP="0" BRAM="0" URAM="0"/>
	<BindNode BINDTYPE="op" DISPLAY="bind_op icmp" ID="" IMPL="auto" LATENCY="0" OPTYPE="icmp" PRAGMA="" RTLNAME="icmp_ln146_fu_1159_p2" SOURCE="ff_monitor.cpp:146" VARIABLE="icmp_ln146" MODULE="ff_monitor_gen_Pipeline_row_loop_column_loop" LOOP="row_loop_column_loop" BUNDLEDNAME="" DSP="0" BRAM="0" URAM="0"/>
	<BindNode BINDTYPE="op" DISPLAY="bind_op icmp" ID="" IMPL="auto" LATENCY="0" OPTYPE="icmp" PRAGMA="" RTLNAME="grp_fu_904_p2" SOURCE="ff_monitor.cpp:146" VARIABLE="icmp_ln146_1" MODULE="ff_monitor_gen_Pipeline_row_loop_column_loop" LOOP="row_loop_column_loop" BUNDLEDNAME="" DSP="0" BRAM="0" URAM="0"/>
	<BindNode BINDTYPE="op" DISPLAY="bind_op and" ID="" IMPL="auto" LATENCY="0" OPTYPE="and" PRAGMA="" RTLNAME="and_ln146_fu_1165_p2" SOURCE="ff_monitor.cpp:146" VARIABLE="and_ln146" MODULE="ff_monitor_gen_Pipeline_row_loop_column_loop" LOOP="row_loop_column_loop" BUNDLEDNAME="" DSP="0" BRAM="0" URAM="0"/>
	<BindNode BINDTYPE="op" DISPLAY="bind_op add" ID="" IMPL="fabric" LATENCY="0" OPTYPE="add" PRAGMA="" RTLNAME="x_3_fu_1533_p2" SOURCE="ff_monitor.cpp:133" VARIABLE="x_3" MODULE="ff_monitor_gen_Pipeline_row_loop_column_loop" LOOP="row_loop_column_loop" BUNDLEDNAME="" DSP="0" BRAM="0" URAM="0"/>
	<BindNode BINDTYPE="storage" DISPLAY="bind_storage rom_1p" ID="" IMPL="auto" LATENCY="1" OPTYPE="rom_1p" PRAGMA="" RTLNAME="display_0_1_U" SOURCE="" VARIABLE="display_0_1" MODULE="ff_monitor_gen_Pipeline_row_loop_column_loop" LOOP="" BUNDLEDNAME="" DSP="0" BRAM="1" URAM="0"/>
	<BindNode BINDTYPE="storage" DISPLAY="bind_storage rom_1p" ID="" IMPL="auto" LATENCY="1" OPTYPE="rom_1p" PRAGMA="" RTLNAME="display_1_1_U" SOURCE="" VARIABLE="display_1_1" MODULE="ff_monitor_gen_Pipeline_row_loop_column_loop" LOOP="" BUNDLEDNAME="" DSP="0" BRAM="1" URAM="0"/>
	<BindNode BINDTYPE="storage" DISPLAY="bind_storage rom_1p" ID="" IMPL="auto" LATENCY="1" OPTYPE="rom_1p" PRAGMA="" RTLNAME="display_2_1_U" SOURCE="" VARIABLE="display_2_1" MODULE="ff_monitor_gen_Pipeline_row_loop_column_loop" LOOP="" BUNDLEDNAME="" DSP="0" BRAM="1" URAM="0"/>
	<BindNode BINDTYPE="storage" DISPLAY="bind_storage rom_1p" ID="" IMPL="auto" LATENCY="1" OPTYPE="rom_1p" PRAGMA="" RTLNAME="display_3_1_U" SOURCE="" VARIABLE="display_3_1" MODULE="ff_monitor_gen_Pipeline_row_loop_column_loop" LOOP="" BUNDLEDNAME="" DSP="0" BRAM="1" URAM="0"/>
	<BindNode BINDTYPE="storage" DISPLAY="bind_storage rom_1p" ID="" IMPL="auto" LATENCY="1" OPTYPE="rom_1p" PRAGMA="" RTLNAME="display_4_1_U" SOURCE="" VARIABLE="display_4_1" MODULE="ff_monitor_gen_Pipeline_row_loop_column_loop" LOOP="" BUNDLEDNAME="" DSP="0" BRAM="1" URAM="0"/>
	<BindNode BINDTYPE="storage" DISPLAY="bind_storage rom_1p" ID="" IMPL="auto" LATENCY="1" OPTYPE="rom_1p" PRAGMA="" RTLNAME="display_5_1_U" SOURCE="" VARIABLE="display_5_1" MODULE="ff_monitor_gen_Pipeline_row_loop_column_loop" LOOP="" BUNDLEDNAME="" DSP="0" BRAM="1" URAM="0"/>
	<BindNode BINDTYPE="storage" DISPLAY="bind_storage rom_1p" ID="" IMPL="auto" LATENCY="1" OPTYPE="rom_1p" PRAGMA="" RTLNAME="display_6_1_U" SOURCE="" VARIABLE="display_6_1" MODULE="ff_monitor_gen_Pipeline_row_loop_column_loop" LOOP="" BUNDLEDNAME="" DSP="0" BRAM="1" URAM="0"/>
	<BindNode BINDTYPE="storage" DISPLAY="bind_storage rom_1p" ID="" IMPL="auto" LATENCY="1" OPTYPE="rom_1p" PRAGMA="" RTLNAME="display_7_1_U" SOURCE="" VARIABLE="display_7_1" MODULE="ff_monitor_gen_Pipeline_row_loop_column_loop" LOOP="" BUNDLEDNAME="" DSP="0" BRAM="1" URAM="0"/>
	<BindNode BINDTYPE="storage" DISPLAY="bind_storage rom_1p" ID="" IMPL="auto" LATENCY="1" OPTYPE="rom_1p" PRAGMA="" RTLNAME="display_8_1_U" SOURCE="" VARIABLE="display_8_1" MODULE="ff_monitor_gen_Pipeline_row_loop_column_loop" LOOP="" BUNDLEDNAME="" DSP="0" BRAM="1" URAM="0"/>
	<BindNode BINDTYPE="storage" DISPLAY="bind_storage rom_1p" ID="" IMPL="auto" LATENCY="1" OPTYPE="rom_1p" PRAGMA="" RTLNAME="display_9_1_U" SOURCE="" VARIABLE="display_9_1" MODULE="ff_monitor_gen_Pipeline_row_loop_column_loop" LOOP="" BUNDLEDNAME="" DSP="0" BRAM="1" URAM="0"/>
	<BindNode BINDTYPE="storage" DISPLAY="bind_storage ram_t2p" ID="" IMPL="auto" LATENCY="1" OPTYPE="ram_t2p" PRAGMA="" RTLNAME="digits_U" SOURCE="ff_monitor.cpp:102" VARIABLE="digits" MODULE="ff_monitor_gen" LOOP="" BUNDLEDNAME="" DSP="0" BRAM="0" URAM="0"/>
	<BindNode BINDTYPE="storage" DISPLAY="bind_storage ram_t2p" ID="" IMPL="auto" LATENCY="1" OPTYPE="ram_t2p" PRAGMA="" RTLNAME="line_U" SOURCE="ff_monitor.cpp:115" VARIABLE="line" MODULE="ff_monitor_gen" LOOP="" BUNDLEDNAME="" DSP="0" BRAM="0" URAM="0"/>
	<BindNode BINDTYPE="storage" DISPLAY="bind_storage ram_t2p" ID="" IMPL="auto" LATENCY="1" OPTYPE="ram_t2p" PRAGMA="" RTLNAME="pixel_U" SOURCE="ff_monitor.cpp:116" VARIABLE="pixel" MODULE="ff_monitor_gen" LOOP="" BUNDLEDNAME="" DSP="0" BRAM="0" URAM="0"/>
	<BindNode BINDTYPE="storage" DISPLAY="bind_storage ram_t2p" ID="" IMPL="auto" LATENCY="1" OPTYPE="ram_t2p" PRAGMA="" RTLNAME="count_line_U" SOURCE="ff_monitor.cpp:117" VARIABLE="count_line" MODULE="ff_monitor_gen" LOOP="" BUNDLEDNAME="" DSP="0" BRAM="0" URAM="0"/>
	<BindNode BINDTYPE="storage" DISPLAY="bind_storage ram_t2p" ID="" IMPL="auto" LATENCY="1" OPTYPE="ram_t2p" PRAGMA="" RTLNAME="count_pixel_U" SOURCE="ff_monitor.cpp:118" VARIABLE="count_pixel" MODULE="ff_monitor_gen" LOOP="" BUNDLEDNAME="" DSP="0" BRAM="0" URAM="0"/>
	<BindNode BINDTYPE="op" DISPLAY="bind_op add" ID="" IMPL="fabric" LATENCY="0" OPTYPE="add" PRAGMA="" RTLNAME="sub_fu_415_p2" SOURCE="" VARIABLE="sub" MODULE="ff_monitor_gen" LOOP="" BUNDLEDNAME="" DSP="0" BRAM="0" URAM="0"/>
	<BindNode BINDTYPE="op" DISPLAY="bind_op add" ID="" IMPL="fabric" LATENCY="0" OPTYPE="add" PRAGMA="" RTLNAME="sub47_fu_421_p2" SOURCE="" VARIABLE="sub47" MODULE="ff_monitor_gen" LOOP="" BUNDLEDNAME="" DSP="0" BRAM="0" URAM="0"/>
	<BindNode BINDTYPE="op" DISPLAY="bind_op add" ID="" IMPL="fabric" LATENCY="0" OPTYPE="add" PRAGMA="" RTLNAME="sub50_fu_427_p2" SOURCE="" VARIABLE="sub50" MODULE="ff_monitor_gen" LOOP="" BUNDLEDNAME="" DSP="0" BRAM="0" URAM="0"/>
	<BindNode BINDTYPE="op" DISPLAY="bind_op add" ID="" IMPL="fabric" LATENCY="0" OPTYPE="add" PRAGMA="" RTLNAME="sub57_fu_433_p2" SOURCE="" VARIABLE="sub57" MODULE="ff_monitor_gen" LOOP="" BUNDLEDNAME="" DSP="0" BRAM="0" URAM="0"/>
	<BindNode BINDTYPE="op" DISPLAY="bind_op add" ID="" IMPL="fabric" LATENCY="0" OPTYPE="add" PRAGMA="" RTLNAME="sub88_fu_439_p2" SOURCE="" VARIABLE="sub88" MODULE="ff_monitor_gen" LOOP="" BUNDLEDNAME="" DSP="0" BRAM="0" URAM="0"/>
	<BindNode BINDTYPE="op" DISPLAY="bind_op mul" ID="" IMPL="auto" LATENCY="0" OPTYPE="mul" PRAGMA="" RTLNAME="mul_32ns_32ns_64_1_1_U34" SOURCE="" VARIABLE="bound" MODULE="ff_monitor_gen" LOOP="" BUNDLEDNAME="" DSP="3" BRAM="0" URAM="0"/>
	<BindNode BINDTYPE="adapter" DISPLAY="bind_adapter axilite" ID="" IMPL="" LATENCY="" OPTYPE="" PRAGMA="yes" RTLNAME="control_s_axi_U" SOURCE="" VARIABLE="" MODULE="ff_monitor_gen" LOOP="" BUNDLEDNAME="control" DSP="0" BRAM="0" URAM="0"/>
</BindInfo>
