<xilinx:hls_fe_msgs>
    <msg msg_groups="" msg_id="207-5094" msg_severity="WARNING" msg_loc="ff_monitor.cpp:63:24" msg_body="&amp; has lower precedence than ==; == will be evaluated first">
        <args ClangWarningOption="parentheses"/>
    </msg>
    <msg msg_groups="" msg_id="207-4428" msg_severity="INFO" msg_loc="ff_monitor.cpp:63:24" msg_body="place parentheses around the '==' expression to silence this warning">
        <args/>
    </msg>
    <msg msg_groups="" msg_id="207-4426" msg_severity="INFO" msg_loc="ff_monitor.cpp:63:24" msg_body="place parentheses around the &amp; expression to evaluate it first">
        <args/>
    </msg>
    <msg msg_groups="" msg_id="207-5094" msg_severity="WARNING" msg_loc="ff_monitor.cpp:69:25" msg_body="&amp; has lower precedence than &lt;; &lt; will be evaluated first">
        <args ClangWarningOption="parentheses"/>
    </msg>
    <msg msg_groups="" msg_id="207-4428" msg_severity="INFO" msg_loc="ff_monitor.cpp:69:25" msg_body="place parentheses around the '&lt;' expression to silence this warning">
        <args/>
    </msg>
    <msg msg_groups="" msg_id="207-4426" msg_severity="INFO" msg_loc="ff_monitor.cpp:69:25" msg_body="place parentheses around the &amp; expression to evaluate it first">
        <args/>
    </msg>
    <msg msg_groups="PRAGMA_VERBOSE_DUMP" msg_id="207-5471" msg_severity="WARNING" msg_loc="C:/Xilinx/Vitis_HLS/2022.2/common/technology/autopilot\ap_int_ref.h:678:9" msg_body="HLS pragma dump">
        <args ARG_PragmaFunction="and_reduce" ARG_PragmaIsValid="1" ARG_PragmaType="unroll" ClangWarningOption="dump-hls-pragmas"/>
    </msg>
    <msg msg_groups="PRAGMA_VERBOSE_DUMP" msg_id="207-5471" msg_severity="WARNING" msg_loc="C:/Xilinx/Vitis_HLS/2022.2/common/technology/autopilot\ap_int_ref.h:692:9" msg_body="HLS pragma dump">
        <args ARG_PragmaFunction="or_reduce" ARG_PragmaIsValid="1" ARG_PragmaType="unroll" ClangWarningOption="dump-hls-pragmas"/>
    </msg>
    <msg msg_groups="PRAGMA_VERBOSE_DUMP" msg_id="207-5471" msg_severity="WARNING" msg_loc="C:/Xilinx/Vitis_HLS/2022.2/common/technology/autopilot\ap_int_ref.h:706:9" msg_body="HLS pragma dump">
        <args ARG_PragmaFunction="xor_reduce" ARG_PragmaIsValid="1" ARG_PragmaType="unroll" ClangWarningOption="dump-hls-pragmas"/>
    </msg>
    <msg msg_groups="PRAGMA_VERBOSE_DUMP" msg_id="207-5471" msg_severity="WARNING" msg_loc="C:/Xilinx/Vitis_HLS/2022.2/common/technology/autopilot\ap_axi_sdata.h:76:9" msg_body="HLS pragma dump">
        <args ARG_PragmaFunction="get_user_ptr" ARG_PragmaIsValid="1" ARG_PragmaType="inline" ClangWarningOption="dump-hls-pragmas"/>
    </msg>
    <msg msg_groups="PRAGMA_VERBOSE_DUMP" msg_id="207-5471" msg_severity="WARNING" msg_loc="C:/Xilinx/Vitis_HLS/2022.2/common/technology/autopilot\ap_axi_sdata.h:80:9" msg_body="HLS pragma dump">
        <args ARG_PragmaFunction="get_id_ptr" ARG_PragmaIsValid="1" ARG_PragmaType="inline" ClangWarningOption="dump-hls-pragmas"/>
    </msg>
    <msg msg_groups="PRAGMA_VERBOSE_DUMP" msg_id="207-5471" msg_severity="WARNING" msg_loc="C:/Xilinx/Vitis_HLS/2022.2/common/technology/autopilot\ap_axi_sdata.h:84:9" msg_body="HLS pragma dump">
        <args ARG_PragmaFunction="get_dest_ptr" ARG_PragmaIsValid="1" ARG_PragmaType="inline" ClangWarningOption="dump-hls-pragmas"/>
    </msg>
    <msg msg_groups="PRAGMA_VERBOSE_DUMP" msg_id="207-5471" msg_severity="WARNING" msg_loc="C:/Xilinx/Vitis_HLS/2022.2/common/technology/autopilot\ap_axi_sdata.h:114:9" msg_body="HLS pragma dump">
        <args ARG_PragmaFunction="get_strb_ptr" ARG_PragmaIsValid="1" ARG_PragmaType="inline" ClangWarningOption="dump-hls-pragmas"/>
    </msg>
    <msg msg_groups="PRAGMA_VERBOSE_DUMP" msg_id="207-5471" msg_severity="WARNING" msg_loc="C:/Xilinx/Vitis_HLS/2022.2/common/technology/autopilot\ap_axi_sdata.h:118:9" msg_body="HLS pragma dump">
        <args ARG_PragmaFunction="get_user_ptr" ARG_PragmaIsValid="1" ARG_PragmaType="inline" ClangWarningOption="dump-hls-pragmas"/>
    </msg>
    <msg msg_groups="PRAGMA_VERBOSE_DUMP" msg_id="207-5471" msg_severity="WARNING" msg_loc="C:/Xilinx/Vitis_HLS/2022.2/common/technology/autopilot\ap_axi_sdata.h:122:9" msg_body="HLS pragma dump">
        <args ARG_PragmaFunction="get_id_ptr" ARG_PragmaIsValid="1" ARG_PragmaType="inline" ClangWarningOption="dump-hls-pragmas"/>
    </msg>
    <msg msg_groups="PRAGMA_VERBOSE_DUMP" msg_id="207-5471" msg_severity="WARNING" msg_loc="C:/Xilinx/Vitis_HLS/2022.2/common/technology/autopilot\ap_axi_sdata.h:126:9" msg_body="HLS pragma dump">
        <args ARG_PragmaFunction="get_dest_ptr" ARG_PragmaIsValid="1" ARG_PragmaType="inline" ClangWarningOption="dump-hls-pragmas"/>
    </msg>
    <msg msg_groups="PRAGMA_VERBOSE_DUMP" msg_id="207-5471" msg_severity="WARNING" msg_loc="C:/Xilinx/Vitis_HLS/2022.2/common/technology/autopilot\ap_axi_sdata.h:132:9" msg_body="HLS pragma dump">
        <args ARG_PragmaFunction="get_data" ARG_PragmaIsValid="1" ARG_PragmaType="inline" ClangWarningOption="dump-hls-pragmas"/>
    </msg>
    <msg msg_groups="PRAGMA_VERBOSE_DUMP" msg_id="207-5471" msg_severity="WARNING" msg_loc="C:/Xilinx/Vitis_HLS/2022.2/common/technology/autopilot\ap_axi_sdata.h:136:9" msg_body="HLS pragma dump">
        <args ARG_PragmaFunction="get_keep" ARG_PragmaIsValid="1" ARG_PragmaType="inline" ClangWarningOption="dump-hls-pragmas"/>
    </msg>
    <msg msg_groups="PRAGMA_VERBOSE_DUMP" msg_id="207-5471" msg_severity="WARNING" msg_loc="C:/Xilinx/Vitis_HLS/2022.2/common/technology/autopilot\ap_axi_sdata.h:140:9" msg_body="HLS pragma dump">
        <args ARG_PragmaFunction="get_last" ARG_PragmaIsValid="1" ARG_PragmaType="inline" ClangWarningOption="dump-hls-pragmas"/>
    </msg>
    <msg msg_groups="PRAGMA_VERBOSE_DUMP" msg_id="207-5471" msg_severity="WARNING" msg_loc="C:/Xilinx/Vitis_HLS/2022.2/common/technology/autopilot\ap_axi_sdata.h:145:9" msg_body="HLS pragma dump">
        <args ARG_PragmaFunction="set_data" ARG_PragmaIsValid="1" ARG_PragmaType="inline" ClangWarningOption="dump-hls-pragmas"/>
    </msg>
    <msg msg_groups="PRAGMA_VERBOSE_DUMP" msg_id="207-5471" msg_severity="WARNING" msg_loc="C:/Xilinx/Vitis_HLS/2022.2/common/technology/autopilot\ap_axi_sdata.h:149:9" msg_body="HLS pragma dump">
        <args ARG_PragmaFunction="set_keep" ARG_PragmaIsValid="1" ARG_PragmaType="inline" ClangWarningOption="dump-hls-pragmas"/>
    </msg>
    <msg msg_groups="PRAGMA_VERBOSE_DUMP" msg_id="207-5471" msg_severity="WARNING" msg_loc="C:/Xilinx/Vitis_HLS/2022.2/common/technology/autopilot\ap_axi_sdata.h:153:9" msg_body="HLS pragma dump">
        <args ARG_PragmaFunction="set_last" ARG_PragmaIsValid="1" ARG_PragmaType="inline" ClangWarningOption="dump-hls-pragmas"/>
    </msg>
    <msg msg_groups="PRAGMA_VERBOSE_DUMP" msg_id="207-5471" msg_severity="WARNING" msg_loc="C:/Xilinx/Vitis_HLS/2022.2/common/technology/autopilot\ap_axi_sdata.h:157:9" msg_body="HLS pragma dump">
        <args ARG_PragmaFunction="keep_all" ARG_PragmaIsValid="1" ARG_PragmaType="inline" ClangWarningOption="dump-hls-pragmas"/>
    </msg>
    <msg msg_groups="PRAGMA_VERBOSE_DUMP" msg_id="207-5471" msg_severity="WARNING" msg_loc="C:/Xilinx/Vitis_HLS/2022.2/common/technology/autopilot\ap_axi_sdata.h:163:9" msg_body="HLS pragma dump">
        <args ARG_PragmaFunction="qdma_axis&lt;WData, 0, 0, 0&gt;" ARG_PragmaIsValid="1" ARG_PragmaType="inline" ClangWarningOption="dump-hls-pragmas"/>
    </msg>
    <msg msg_groups="PRAGMA_VERBOSE_DUMP" msg_id="207-5471" msg_severity="WARNING" msg_loc="C:/Xilinx/Vitis_HLS/2022.2/common/technology/autopilot\ap_axi_sdata.h:167:9" msg_body="HLS pragma dump">
        <args ARG_PragmaFunction="qdma_axis&lt;WData, 0, 0, 0&gt;" ARG_PragmaIsValid="1" ARG_PragmaType="inline" ClangWarningOption="dump-hls-pragmas"/>
    </msg>
    <msg msg_groups="PRAGMA_VERBOSE_DUMP" msg_id="207-5471" msg_severity="WARNING" msg_loc="C:/Xilinx/Vitis_HLS/2022.2/common/technology/autopilot\ap_axi_sdata.h:171:9" msg_body="HLS pragma dump">
        <args ARG_PragmaFunction="qdma_axis&lt;WData, 0, 0, 0&gt;" ARG_PragmaIsValid="1" ARG_PragmaType="inline" ClangWarningOption="dump-hls-pragmas"/>
    </msg>
    <msg msg_groups="PRAGMA_VERBOSE_DUMP" msg_id="207-5471" msg_severity="WARNING" msg_loc="C:/Xilinx/Vitis_HLS/2022.2/common/technology/autopilot\ap_axi_sdata.h:176:9" msg_body="HLS pragma dump">
        <args ARG_PragmaFunction="qdma_axis&lt;WData, 0, 0, 0&gt;" ARG_PragmaIsValid="1" ARG_PragmaType="inline" ClangWarningOption="dump-hls-pragmas"/>
    </msg>
    <msg msg_groups="PRAGMA_VERBOSE_DUMP" msg_id="207-5471" msg_severity="WARNING" msg_loc="C:/Xilinx/Vitis_HLS/2022.2/common/technology/autopilot\ap_axi_sdata.h:181:9" msg_body="HLS pragma dump">
        <args ARG_PragmaFunction="qdma_axis&lt;WData, 0, 0, 0&gt;" ARG_PragmaIsValid="1" ARG_PragmaType="inline" ClangWarningOption="dump-hls-pragmas"/>
    </msg>
    <msg msg_groups="PRAGMA_VERBOSE_DUMP" msg_id="207-5471" msg_severity="WARNING" msg_loc="C:/Xilinx/Vitis_HLS/2022.2/common/technology/autopilot\ap_axi_sdata.h:185:9" msg_body="HLS pragma dump">
        <args ARG_PragmaFunction="operator=" ARG_PragmaIsValid="1" ARG_PragmaType="inline" ClangWarningOption="dump-hls-pragmas"/>
    </msg>
    <msg msg_groups="PRAGMA_VERBOSE_DUMP" msg_id="207-5471" msg_severity="WARNING" msg_loc="C:/Xilinx/Vitis_HLS/2022.2/common/technology/autopilot\ap_axi_sdata.h:220:9" msg_body="HLS pragma dump">
        <args ARG_PragmaFunction="empty" ARG_PragmaIsValid="1" ARG_PragmaType="inline" ClangWarningOption="dump-hls-pragmas"/>
    </msg>
    <msg msg_groups="PRAGMA_VERBOSE_DUMP" msg_id="207-5471" msg_severity="WARNING" msg_loc="C:/Xilinx/Vitis_HLS/2022.2/common/technology/autopilot\ap_axi_sdata.h:227:9" msg_body="HLS pragma dump">
        <args ARG_PragmaFunction="full" ARG_PragmaIsValid="1" ARG_PragmaType="inline" ClangWarningOption="dump-hls-pragmas"/>
    </msg>
    <msg msg_groups="PRAGMA_VERBOSE_DUMP" msg_id="207-5471" msg_severity="WARNING" msg_loc="C:/Xilinx/Vitis_HLS/2022.2/common/technology/autopilot\ap_axi_sdata.h:235:9" msg_body="HLS pragma dump">
        <args ARG_PragmaFunction="read" ARG_PragmaIsValid="1" ARG_PragmaType="inline" ClangWarningOption="dump-hls-pragmas"/>
    </msg>
    <msg msg_groups="PRAGMA_VERBOSE_DUMP" msg_id="207-5471" msg_severity="WARNING" msg_loc="C:/Xilinx/Vitis_HLS/2022.2/common/technology/autopilot\ap_axi_sdata.h:245:9" msg_body="HLS pragma dump">
        <args ARG_PragmaFunction="read" ARG_PragmaIsValid="1" ARG_PragmaType="inline" ClangWarningOption="dump-hls-pragmas"/>
    </msg>
    <msg msg_groups="PRAGMA_VERBOSE_DUMP" msg_id="207-5471" msg_severity="WARNING" msg_loc="C:/Xilinx/Vitis_HLS/2022.2/common/technology/autopilot\ap_axi_sdata.h:256:9" msg_body="HLS pragma dump">
        <args ARG_PragmaFunction="write" ARG_PragmaIsValid="1" ARG_PragmaType="inline" ClangWarningOption="dump-hls-pragmas"/>
    </msg>
    <msg msg_groups="PRAGMA_VERBOSE_DUMP" msg_id="207-5471" msg_severity="WARNING" msg_loc="C:/Xilinx/Vitis_HLS/2022.2/common/technology/autopilot\ap_axi_sdata.h:266:9" msg_body="HLS pragma dump">
        <args ARG_PragmaFunction="read_nb" ARG_PragmaIsValid="1" ARG_PragmaType="inline" ClangWarningOption="dump-hls-pragmas"/>
    </msg>
    <msg msg_groups="PRAGMA_VERBOSE_DUMP" msg_id="207-5471" msg_severity="WARNING" msg_loc="C:/Xilinx/Vitis_HLS/2022.2/common/technology/autopilot\ap_axi_sdata.h:281:9" msg_body="HLS pragma dump">
        <args ARG_PragmaFunction="write_nb" ARG_PragmaIsValid="1" ARG_PragmaType="inline" ClangWarningOption="dump-hls-pragmas"/>
    </msg>
    <msg msg_groups="PRAGMA_VERBOSE_DUMP" msg_id="207-5471" msg_severity="WARNING" msg_loc="C:/Xilinx/Vitis_HLS/2022.2/common/technology/autopilot\ap_axi_sdata.h:317:9" msg_body="HLS pragma dump">
        <args ARG_PragmaFunction="empty" ARG_PragmaIsValid="1" ARG_PragmaType="inline" ClangWarningOption="dump-hls-pragmas"/>
    </msg>
    <msg msg_groups="PRAGMA_VERBOSE_DUMP" msg_id="207-5471" msg_severity="WARNING" msg_loc="C:/Xilinx/Vitis_HLS/2022.2/common/technology/autopilot\ap_axi_sdata.h:324:9" msg_body="HLS pragma dump">
        <args ARG_PragmaFunction="full" ARG_PragmaIsValid="1" ARG_PragmaType="inline" ClangWarningOption="dump-hls-pragmas"/>
    </msg>
    <msg msg_groups="PRAGMA_VERBOSE_DUMP" msg_id="207-5471" msg_severity="WARNING" msg_loc="C:/Xilinx/Vitis_HLS/2022.2/common/technology/autopilot\ap_axi_sdata.h:332:9" msg_body="HLS pragma dump">
        <args ARG_PragmaFunction="read" ARG_PragmaIsValid="1" ARG_PragmaType="inline" ClangWarningOption="dump-hls-pragmas"/>
    </msg>
    <msg msg_groups="PRAGMA_VERBOSE_DUMP" msg_id="207-5471" msg_severity="WARNING" msg_loc="C:/Xilinx/Vitis_HLS/2022.2/common/technology/autopilot\ap_axi_sdata.h:342:9" msg_body="HLS pragma dump">
        <args ARG_PragmaFunction="read" ARG_PragmaIsValid="1" ARG_PragmaType="inline" ClangWarningOption="dump-hls-pragmas"/>
    </msg>
    <msg msg_groups="PRAGMA_VERBOSE_DUMP" msg_id="207-5471" msg_severity="WARNING" msg_loc="C:/Xilinx/Vitis_HLS/2022.2/common/technology/autopilot\ap_axi_sdata.h:353:9" msg_body="HLS pragma dump">
        <args ARG_PragmaFunction="write" ARG_PragmaIsValid="1" ARG_PragmaType="inline" ClangWarningOption="dump-hls-pragmas"/>
    </msg>
    <msg msg_groups="PRAGMA_VERBOSE_DUMP" msg_id="207-5471" msg_severity="WARNING" msg_loc="C:/Xilinx/Vitis_HLS/2022.2/common/technology/autopilot\ap_axi_sdata.h:363:9" msg_body="HLS pragma dump">
        <args ARG_PragmaFunction="read_nb" ARG_PragmaIsValid="1" ARG_PragmaType="inline" ClangWarningOption="dump-hls-pragmas"/>
    </msg>
    <msg msg_groups="PRAGMA_VERBOSE_DUMP" msg_id="207-5471" msg_severity="WARNING" msg_loc="C:/Xilinx/Vitis_HLS/2022.2/common/technology/autopilot\ap_axi_sdata.h:379:9" msg_body="HLS pragma dump">
        <args ARG_PragmaFunction="write_nb" ARG_PragmaIsValid="1" ARG_PragmaType="inline" ClangWarningOption="dump-hls-pragmas"/>
    </msg>
    <msg msg_groups="PRAGMA_VERBOSE_DUMP" msg_id="207-5471" msg_severity="WARNING" msg_loc="C:/sp701/ff_monitor/ff_monitor/solution1/csynth.tcl:20:9" msg_body="HLS pragma dump">
        <args ARG_PragmaContext="directive" ARG_PragmaFunction="ff_monitor_gen" ARG_PragmaIsValid="1" ARG_PragmaOptions="name=ff_monitor_gen" ARG_PragmaType="top" ClangWarningOption="dump-hls-pragmas"/>
    </msg>
    <msg msg_groups="PRAGMA_VERBOSE_DUMP" msg_id="207-5471" msg_severity="WARNING" msg_loc="C:/sp701/ff_monitor/ff_monitor/solution1/directives.tcl:6:9" msg_body="HLS pragma dump">
        <args ARG_PragmaContext="directive" ARG_PragmaFunction="ff_monitor_gen" ARG_PragmaIsValid="1" ARG_PragmaOptions="name=ff_monitor_gen" ARG_PragmaType="top" ClangWarningOption="dump-hls-pragmas"/>
    </msg>
    <msg msg_groups="PRAGMA_VERBOSE_DUMP" msg_id="207-5471" msg_severity="WARNING" msg_loc="ff_monitor.cpp:87:9" msg_body="HLS pragma dump">
        <args ARG_PragmaFunction="ff_monitor_gen" ARG_PragmaIsValid="1" ARG_PragmaOptions="s_axilite port=return" ARG_PragmaType="interface" ClangWarningOption="dump-hls-pragmas"/>
    </msg>
    <msg msg_groups="PRAGMA_VERBOSE_DUMP" msg_id="207-5471" msg_severity="WARNING" msg_loc="ff_monitor.cpp:88:9" msg_body="HLS pragma dump">
        <args ARG_PragmaFunction="ff_monitor_gen" ARG_PragmaIsValid="1" ARG_PragmaOptions="s_axilite port=char_1" ARG_PragmaType="interface" ClangWarningOption="dump-hls-pragmas"/>
    </msg>
    <msg msg_groups="PRAGMA_VERBOSE_DUMP" msg_id="207-5471" msg_severity="WARNING" msg_loc="ff_monitor.cpp:89:9" msg_body="HLS pragma dump">
        <args ARG_PragmaFunction="ff_monitor_gen" ARG_PragmaIsValid="1" ARG_PragmaOptions="s_axilite port=char_2" ARG_PragmaType="interface" ClangWarningOption="dump-hls-pragmas"/>
    </msg>
    <msg msg_groups="PRAGMA_VERBOSE_DUMP" msg_id="207-5471" msg_severity="WARNING" msg_loc="ff_monitor.cpp:90:9" msg_body="HLS pragma dump">
        <args ARG_PragmaFunction="ff_monitor_gen" ARG_PragmaIsValid="1" ARG_PragmaOptions="s_axilite port=char_3" ARG_PragmaType="interface" ClangWarningOption="dump-hls-pragmas"/>
    </msg>
    <msg msg_groups="PRAGMA_VERBOSE_DUMP" msg_id="207-5471" msg_severity="WARNING" msg_loc="ff_monitor.cpp:91:9" msg_body="HLS pragma dump">
        <args ARG_PragmaFunction="ff_monitor_gen" ARG_PragmaIsValid="1" ARG_PragmaOptions="s_axilite port=char_4" ARG_PragmaType="interface" ClangWarningOption="dump-hls-pragmas"/>
    </msg>
    <msg msg_groups="PRAGMA_VERBOSE_DUMP" msg_id="207-5471" msg_severity="WARNING" msg_loc="ff_monitor.cpp:92:9" msg_body="HLS pragma dump">
        <args ARG_PragmaFunction="ff_monitor_gen" ARG_PragmaIsValid="1" ARG_PragmaOptions="s_axilite port=column" ARG_PragmaType="interface" ClangWarningOption="dump-hls-pragmas"/>
    </msg>
    <msg msg_groups="PRAGMA_VERBOSE_DUMP" msg_id="207-5471" msg_severity="WARNING" msg_loc="ff_monitor.cpp:93:9" msg_body="HLS pragma dump">
        <args ARG_PragmaFunction="ff_monitor_gen" ARG_PragmaIsValid="1" ARG_PragmaOptions="s_axilite port=row" ARG_PragmaType="interface" ClangWarningOption="dump-hls-pragmas"/>
    </msg>
    <msg msg_groups="PRAGMA_VERBOSE_DUMP" msg_id="207-5471" msg_severity="WARNING" msg_loc="ff_monitor.cpp:94:9" msg_body="HLS pragma dump">
        <args ARG_PragmaFunction="ff_monitor_gen" ARG_PragmaIsValid="1" ARG_PragmaOptions="axis register both port=op" ARG_PragmaType="interface" ClangWarningOption="dump-hls-pragmas"/>
    </msg>
    <msg msg_groups="CODE_UNSUPPORTED" msg_id="214-131" msg_severity="INFO" msg_loc="C:/Xilinx/Vitis_HLS/2022.2/common/technology/autopilot\ap_int_base.h:214:67" msg_body="Inlining function '_ZN8ssdm_intILi1ELb0EEC2EDq1_j' into 'ap_int_base&lt;1, false&gt;::ap_int_base(int)'">
        <args Callee="_ZN8ssdm_intILi1ELb0EEC2EDq1_j" Caller="ap_int_base&lt;1, false&gt;::ap_int_base(int)"/>
    </msg>
    <msg msg_groups="CODE_UNSUPPORTED" msg_id="214-131" msg_severity="INFO" msg_loc="C:/Xilinx/Vitis_HLS/2022.2/common/technology/autopilot\ap_int_base.h:214:67" msg_body="Inlining function 'ssdm_int&lt;32, false&gt;::ssdm_int(unsigned int)' into 'ap_int_base&lt;32, false&gt;::ap_int_base(int)'">
        <args Callee="ssdm_int&lt;32, false&gt;::ssdm_int(unsigned int)" Caller="ap_int_base&lt;32, false&gt;::ap_int_base(int)"/>
    </msg>
    <msg msg_groups="CODE_UNSUPPORTED" msg_id="214-131" msg_severity="INFO" msg_loc="C:/Xilinx/Vitis_HLS/2022.2/common/technology/autopilot\ap_axi_sdata.h:258:51" msg_body="Inlining function 'hls::axis&lt;ap_uint&lt;32&gt;, 1ul, 1ul, 1ul&gt;::get_user_ptr()' into 'hls::stream&lt;hls::axis&lt;ap_uint&lt;32&gt;, 1ul, 1ul, 1ul&gt;, 0&gt;::write(hls::axis&lt;ap_uint&lt;32&gt;, 1ul, 1ul, 1ul&gt; const&amp;)'">
        <args Callee="hls::axis&lt;ap_uint&lt;32&gt;, 1ul, 1ul, 1ul&gt;::get_user_ptr()" Caller="hls::stream&lt;hls::axis&lt;ap_uint&lt;32&gt;, 1ul, 1ul, 1ul&gt;, 0&gt;::write(hls::axis&lt;ap_uint&lt;32&gt;, 1ul, 1ul, 1ul&gt; const&amp;)"/>
    </msg>
    <msg msg_groups="CODE_UNSUPPORTED" msg_id="214-131" msg_severity="INFO" msg_loc="C:/Xilinx/Vitis_HLS/2022.2/common/technology/autopilot\ap_axi_sdata.h:261:26" msg_body="Inlining function 'hls::axis&lt;ap_uint&lt;32&gt;, 1ul, 1ul, 1ul&gt;::get_dest_ptr()' into 'hls::stream&lt;hls::axis&lt;ap_uint&lt;32&gt;, 1ul, 1ul, 1ul&gt;, 0&gt;::write(hls::axis&lt;ap_uint&lt;32&gt;, 1ul, 1ul, 1ul&gt; const&amp;)'">
        <args Callee="hls::axis&lt;ap_uint&lt;32&gt;, 1ul, 1ul, 1ul&gt;::get_dest_ptr()" Caller="hls::stream&lt;hls::axis&lt;ap_uint&lt;32&gt;, 1ul, 1ul, 1ul&gt;, 0&gt;::write(hls::axis&lt;ap_uint&lt;32&gt;, 1ul, 1ul, 1ul&gt; const&amp;)"/>
    </msg>
    <msg msg_groups="CODE_UNSUPPORTED" msg_id="214-131" msg_severity="INFO" msg_loc="C:/Xilinx/Vitis_HLS/2022.2/common/technology/autopilot\ap_axi_sdata.h:260:68" msg_body="Inlining function 'hls::axis&lt;ap_uint&lt;32&gt;, 1ul, 1ul, 1ul&gt;::get_id_ptr()' into 'hls::stream&lt;hls::axis&lt;ap_uint&lt;32&gt;, 1ul, 1ul, 1ul&gt;, 0&gt;::write(hls::axis&lt;ap_uint&lt;32&gt;, 1ul, 1ul, 1ul&gt; const&amp;)'">
        <args Callee="hls::axis&lt;ap_uint&lt;32&gt;, 1ul, 1ul, 1ul&gt;::get_id_ptr()" Caller="hls::stream&lt;hls::axis&lt;ap_uint&lt;32&gt;, 1ul, 1ul, 1ul&gt;, 0&gt;::write(hls::axis&lt;ap_uint&lt;32&gt;, 1ul, 1ul, 1ul&gt; const&amp;)"/>
    </msg>
    <msg msg_groups="CODE_UNSUPPORTED" msg_id="214-131" msg_severity="INFO" msg_loc="C:/Xilinx/Vitis_HLS/2022.2/common/technology/autopilot\ap_axi_sdata.h:260:37" msg_body="Inlining function 'hls::axis&lt;ap_uint&lt;32&gt;, 1ul, 1ul, 1ul&gt;::get_user_ptr()' into 'hls::stream&lt;hls::axis&lt;ap_uint&lt;32&gt;, 1ul, 1ul, 1ul&gt;, 0&gt;::write(hls::axis&lt;ap_uint&lt;32&gt;, 1ul, 1ul, 1ul&gt; const&amp;)'">
        <args Callee="hls::axis&lt;ap_uint&lt;32&gt;, 1ul, 1ul, 1ul&gt;::get_user_ptr()" Caller="hls::stream&lt;hls::axis&lt;ap_uint&lt;32&gt;, 1ul, 1ul, 1ul&gt;, 0&gt;::write(hls::axis&lt;ap_uint&lt;32&gt;, 1ul, 1ul, 1ul&gt; const&amp;)"/>
    </msg>
    <msg msg_groups="CODE_UNSUPPORTED" msg_id="214-131" msg_severity="INFO" msg_loc="C:/Xilinx/Vitis_HLS/2022.2/common/technology/autopilot\ap_axi_sdata.h:259:40" msg_body="Inlining function 'hls::axis&lt;ap_uint&lt;32&gt;, 1ul, 1ul, 1ul&gt;::get_dest_ptr()' into 'hls::stream&lt;hls::axis&lt;ap_uint&lt;32&gt;, 1ul, 1ul, 1ul&gt;, 0&gt;::write(hls::axis&lt;ap_uint&lt;32&gt;, 1ul, 1ul, 1ul&gt; const&amp;)'">
        <args Callee="hls::axis&lt;ap_uint&lt;32&gt;, 1ul, 1ul, 1ul&gt;::get_dest_ptr()" Caller="hls::stream&lt;hls::axis&lt;ap_uint&lt;32&gt;, 1ul, 1ul, 1ul&gt;, 0&gt;::write(hls::axis&lt;ap_uint&lt;32&gt;, 1ul, 1ul, 1ul&gt; const&amp;)"/>
    </msg>
    <msg msg_groups="CODE_UNSUPPORTED" msg_id="214-131" msg_severity="INFO" msg_loc="C:/Xilinx/Vitis_HLS/2022.2/common/technology/autopilot\ap_axi_sdata.h:259:24" msg_body="Inlining function 'hls::axis&lt;ap_uint&lt;32&gt;, 1ul, 1ul, 1ul&gt;::get_id_ptr()' into 'hls::stream&lt;hls::axis&lt;ap_uint&lt;32&gt;, 1ul, 1ul, 1ul&gt;, 0&gt;::write(hls::axis&lt;ap_uint&lt;32&gt;, 1ul, 1ul, 1ul&gt; const&amp;)'">
        <args Callee="hls::axis&lt;ap_uint&lt;32&gt;, 1ul, 1ul, 1ul&gt;::get_id_ptr()" Caller="hls::stream&lt;hls::axis&lt;ap_uint&lt;32&gt;, 1ul, 1ul, 1ul&gt;, 0&gt;::write(hls::axis&lt;ap_uint&lt;32&gt;, 1ul, 1ul, 1ul&gt; const&amp;)"/>
    </msg>
    <msg msg_groups="CODE_UNSUPPORTED" msg_id="214-131" msg_severity="INFO" msg_loc="ff_monitor.cpp:209:8" msg_body="Inlining function 'hls::stream&lt;hls::axis&lt;ap_uint&lt;32&gt;, 1ul, 1ul, 1ul&gt;, 0&gt;::write(hls::axis&lt;ap_uint&lt;32&gt;, 1ul, 1ul, 1ul&gt; const&amp;)' into 'ff_monitor_gen(hls::stream&lt;hls::axis&lt;ap_uint&lt;32&gt;, 1ul, 1ul, 1ul&gt;, 0&gt;&amp;, int, int, int, int, int, int)'">
        <args Callee="hls::stream&lt;hls::axis&lt;ap_uint&lt;32&gt;, 1ul, 1ul, 1ul&gt;, 0&gt;::write(hls::axis&lt;ap_uint&lt;32&gt;, 1ul, 1ul, 1ul&gt; const&amp;)" Caller="ff_monitor_gen(hls::stream&lt;hls::axis&lt;ap_uint&lt;32&gt;, 1ul, 1ul, 1ul&gt;, 0&gt;&amp;, int, int, int, int, int, int)"/>
    </msg>
    <msg msg_groups="PRAGMA_INLINE" msg_id="214-178" msg_severity="INFO" msg_loc="ff_monitor.cpp:86:0" msg_body="Inlining function 'drawDigitPixel(hls::axis&lt;ap_uint&lt;32&gt;, 1ul, 1ul, 1ul&gt;&amp;, int, int, int)' into 'ff_monitor_gen(hls::stream&lt;hls::axis&lt;ap_uint&lt;32&gt;, 1ul, 1ul, 1ul&gt;, 0&gt;&amp;, int, int, int, int, int, int)'">
        <args Callee="drawDigitPixel(hls::axis&lt;ap_uint&lt;32&gt;, 1ul, 1ul, 1ul&gt;&amp;, int, int, int)" Caller="ff_monitor_gen(hls::stream&lt;hls::axis&lt;ap_uint&lt;32&gt;, 1ul, 1ul, 1ul&gt;, 0&gt;&amp;, int, int, int, int, int, int)"/>
    </msg>
    <msg msg_groups="PRAGMA_INLINE" msg_id="214-178" msg_severity="INFO" msg_loc="ff_monitor.cpp:86:0" msg_body="Inlining function 'updateCounters(int&amp;, int&amp;, int, int&amp;)' into 'ff_monitor_gen(hls::stream&lt;hls::axis&lt;ap_uint&lt;32&gt;, 1ul, 1ul, 1ul&gt;, 0&gt;&amp;, int, int, int, int, int, int)'">
        <args Callee="updateCounters(int&amp;, int&amp;, int, int&amp;)" Caller="ff_monitor_gen(hls::stream&lt;hls::axis&lt;ap_uint&lt;32&gt;, 1ul, 1ul, 1ul&gt;, 0&gt;&amp;, int, int, int, int, int, int)"/>
    </msg>
    <msg msg_groups="CODE_UNSUPPORTED" msg_id="214-167" msg_severity="WARNING" msg_loc="ff_monitor.cpp:149:18" msg_body="The program may have out of bound array access"/>
    <msg msg_groups="CODE_UNSUPPORTED" msg_id="214-167" msg_severity="WARNING" msg_loc="ff_monitor.cpp:150:24" msg_body="The program may have out of bound array access"/>
    <msg msg_groups="CODE_UNSUPPORTED" msg_id="214-167" msg_severity="WARNING" msg_loc="ff_monitor.cpp:151:25" msg_body="The program may have out of bound array access"/>
    <msg msg_groups="CODE_UNSUPPORTED" msg_id="214-167" msg_severity="WARNING" msg_loc="ff_monitor.cpp:152:19" msg_body="The program may have out of bound array access"/>
</xilinx:hls_fe_msgs>

