<pragmas>
<pragma file="ff_monitor.cpp" line="87" pragmaType="interface" parentfunction="ff_monitor_gen" mode="s_axilite" port="" bundle="" offset="-1" name="" clock="" impl="" register="0"/>
<pragma file="ff_monitor.cpp" line="88" pragmaType="interface" parentfunction="ff_monitor_gen" mode="s_axilite" port="char_1" bundle="" offset="-1" name="" clock="" impl="" register="0"/>
<pragma file="ff_monitor.cpp" line="89" pragmaType="interface" parentfunction="ff_monitor_gen" mode="s_axilite" port="char_2" bundle="" offset="-1" name="" clock="" impl="" register="0"/>
<pragma file="ff_monitor.cpp" line="90" pragmaType="interface" parentfunction="ff_monitor_gen" mode="s_axilite" port="char_3" bundle="" offset="-1" name="" clock="" impl="" register="0"/>
<pragma file="ff_monitor.cpp" line="91" pragmaType="interface" parentfunction="ff_monitor_gen" mode="s_axilite" port="char_4" bundle="" offset="-1" name="" clock="" impl="" register="0"/>
<pragma file="ff_monitor.cpp" line="92" pragmaType="interface" parentfunction="ff_monitor_gen" mode="s_axilite" port="column" bundle="" offset="-1" name="" clock="" impl="" register="0"/>
<pragma file="ff_monitor.cpp" line="93" pragmaType="interface" parentfunction="ff_monitor_gen" mode="s_axilite" port="row" bundle="" offset="-1" name="" clock="" impl="" register="0"/>
<pragma file="ff_monitor.cpp" line="94" pragmaType="interface" parentfunction="ff_monitor_gen" mode="axis" port="op" register="1" register_mode="both" name="" depth="-1"/>
<pragma file="" line="0" pragmaType="inline" parentfunction="ap_uint<32>::ap_uint()" off="0" region="0" recursive="0"/>
<pragma file="C:/Xilinx/Vitis_HLS/2022.2/common/technology/autopilot\ap_int_base.h" line="175" pragmaType="inline" parentfunction="ap_int_base<1, false>::ap_int_base()" off="0" region="0" recursive="0"/>
<pragma file="C:/Xilinx/Vitis_HLS/2022.2/common/technology/autopilot\ap_axi_sdata.h" line="76" pragmaType="inline" parentfunction="get_user_ptr" off="0" region="0" recursive="0"/>
<pragma file="C:/Xilinx/Vitis_HLS/2022.2/common/technology/autopilot\ap_int_base.h" line="175" pragmaType="inline" parentfunction="ap_int_base<32, false>::ap_int_base()" off="0" region="0" recursive="0"/>
<pragma file="" line="0" pragmaType="inline" parentfunction="ap_uint<1>::ap_uint()" off="0" region="0" recursive="0"/>
<pragma file="C:/Xilinx/Vitis_HLS/2022.2/common/technology/autopilot\ap_common.h" line="523" pragmaType="inline" parentfunction="ssdm_int<32, false>::ssdm_int(unsigned int)" off="0" region="0" recursive="0"/>
<pragma file="C:/Xilinx/Vitis_HLS/2022.2/common/technology/autopilot\ap_axi_sdata.h" line="80" pragmaType="inline" parentfunction="get_id_ptr" off="0" region="0" recursive="0"/>
<pragma file="" line="0" pragmaType="inline" parentfunction="ap_uint<32>::ap_uint(int)" off="0" region="0" recursive="0"/>
<pragma file="C:/Xilinx/Vitis_HLS/2022.2/common/technology/autopilot\ap_axi_sdata.h" line="256" pragmaType="inline" parentfunction="write" off="0" region="0" recursive="0"/>
<pragma file="C:/Xilinx/Vitis_HLS/2022.2/common/technology/autopilot\ap_axi_sdata.h" line="84" pragmaType="inline" parentfunction="get_dest_ptr" off="0" region="0" recursive="0"/>
<pragma file="C:/Xilinx/Vitis_HLS/2022.2/common/technology/autopilot\ap_int_base.h" line="214" pragmaType="inline" parentfunction="ap_int_base<32, false>::ap_int_base(int)" off="0" region="0" recursive="0"/>
<pragma file="C:/Xilinx/Vitis_HLS/2022.2/common/technology/autopilot\ap_int_base.h" line="214" pragmaType="inline" parentfunction="ap_int_base<1, false>::ap_int_base(int)" off="0" region="0" recursive="0"/>
<pragma file="" line="0" pragmaType="inline" parentfunction="ap_uint<4>::ap_uint()" off="0" region="0" recursive="0"/>
<pragma file="" line="0" pragmaType="inline" parentfunction="ap_uint<1>::ap_uint(int)" off="0" region="0" recursive="0"/>
<pragma file="C:/Xilinx/Vitis_HLS/2022.2/common/technology/autopilot\ap_int_base.h" line="175" pragmaType="inline" parentfunction="ap_int_base<4, false>::ap_int_base()" off="0" region="0" recursive="0"/>
<pragma file="C:/Xilinx/Vitis_HLS/2022.2/common/technology/autopilot\ap_common.h" line="523" pragmaType="inline" parentfunction="_ZN8ssdm_intILi1ELb0EEC2EDq1_j" off="0" region="0" recursive="0"/>
<pragma file="C:/Xilinx/Vitis_HLS/2022.2/common/technology/autopilot\ap_int_base.h" line="0" pragmaType="inline" parentfunction="checkOverflowBaseC" off="0" region="0" recursive="0"/>
<pragma file="C:/Xilinx/Vitis_HLS/2022.2/common/technology/autopilot\ap_common.h" line="0" pragmaType="inline" parentfunction="ssdm_int<1, false>::ssdm_int()" off="0" region="0" recursive="0"/>
<pragma file="C:/Xilinx/Vitis_HLS/2022.2/common/technology/autopilot\ap_common.h" line="0" pragmaType="inline" parentfunction="ssdm_int<4, false>::ssdm_int()" off="0" region="0" recursive="0"/>
<pragma file="C:/Xilinx/Vitis_HLS/2022.2/common/technology/autopilot\ap_common.h" line="0" pragmaType="inline" parentfunction="ssdm_int<32, false>::ssdm_int()" off="0" region="0" recursive="0"/>
<pragma file="C:/Xilinx/Vitis_HLS/2022.2/common/technology/autopilot\ap_int_base.h" line="0" pragmaType="inline" parentfunction="checkOverflowBaseC" off="0" region="0" recursive="0"/>
</pragmas>
