<dict>
  <key>main-file</key>
  <string>C:/sp701/ff_monitor/ff_monitor/solution1/.autopilot/db/ff_monitor.pp.0.cpp</string>
  <key>diagnostics</key>
  <array>
    <dict>
      <key>level</key>
      <string>warning</string>
      <key>filename</key>
      <string>C:/Xilinx/Vitis_HLS/2022.2/common/technology/autopilot\ap_int_ref.h</string>
      <key>line</key>
      <integer>678</integer>
      <key>column</key>
      <integer>9</integer>
      <key>message</key>
      <string>HLS pragma dump _XLX_SEP_ PragmaIsValid=1_XLX_SEP_ PragmaType=unroll_XLX_SEP_ PragmaContext=_XLX_SEP_ PragmaFunction=and_reduce_XLX_SEP_ PragmaOptions=_XLX_SEP_</string>
      <key>ID</key>
      <integer>5471</integer>
      <key>WarningOption</key>
      <string>dump-hls-pragmas</string>
    </dict>
    <dict>
      <key>level</key>
      <string>warning</string>
      <key>filename</key>
      <string>C:/Xilinx/Vitis_HLS/2022.2/common/technology/autopilot\ap_int_ref.h</string>
      <key>line</key>
      <integer>692</integer>
      <key>column</key>
      <integer>9</integer>
      <key>message</key>
      <string>HLS pragma dump _XLX_SEP_ PragmaIsValid=1_XLX_SEP_ PragmaType=unroll_XLX_SEP_ PragmaContext=_XLX_SEP_ PragmaFunction=or_reduce_XLX_SEP_ PragmaOptions=_XLX_SEP_</string>
      <key>ID</key>
      <integer>5471</integer>
      <key>WarningOption</key>
      <string>dump-hls-pragmas</string>
    </dict>
    <dict>
      <key>level</key>
      <string>warning</string>
      <key>filename</key>
      <string>C:/Xilinx/Vitis_HLS/2022.2/common/technology/autopilot\ap_int_ref.h</string>
      <key>line</key>
      <integer>706</integer>
      <key>column</key>
      <integer>9</integer>
      <key>message</key>
      <string>HLS pragma dump _XLX_SEP_ PragmaIsValid=1_XLX_SEP_ PragmaType=unroll_XLX_SEP_ PragmaContext=_XLX_SEP_ PragmaFunction=xor_reduce_XLX_SEP_ PragmaOptions=_XLX_SEP_</string>
      <key>ID</key>
      <integer>5471</integer>
      <key>WarningOption</key>
      <string>dump-hls-pragmas</string>
    </dict>
    <dict>
      <key>level</key>
      <string>warning</string>
      <key>filename</key>
      <string>C:/Xilinx/Vitis_HLS/2022.2/common/technology/autopilot\ap_axi_sdata.h</string>
      <key>line</key>
      <integer>76</integer>
      <key>column</key>
      <integer>9</integer>
      <key>message</key>
      <string>HLS pragma dump _XLX_SEP_ PragmaIsValid=1_XLX_SEP_ PragmaType=inline_XLX_SEP_ PragmaContext=_XLX_SEP_ PragmaFunction=get_user_ptr_XLX_SEP_ PragmaOptions=_XLX_SEP_</string>
      <key>ID</key>
      <integer>5471</integer>
      <key>WarningOption</key>
      <string>dump-hls-pragmas</string>
    </dict>
    <dict>
      <key>level</key>
      <string>warning</string>
      <key>filename</key>
      <string>C:/Xilinx/Vitis_HLS/2022.2/common/technology/autopilot\ap_axi_sdata.h</string>
      <key>line</key>
      <integer>80</integer>
      <key>column</key>
      <integer>9</integer>
      <key>message</key>
      <string>HLS pragma dump _XLX_SEP_ PragmaIsValid=1_XLX_SEP_ PragmaType=inline_XLX_SEP_ PragmaContext=_XLX_SEP_ PragmaFunction=get_id_ptr_XLX_SEP_ PragmaOptions=_XLX_SEP_</string>
      <key>ID</key>
      <integer>5471</integer>
      <key>WarningOption</key>
      <string>dump-hls-pragmas</string>
    </dict>
    <dict>
      <key>level</key>
      <string>warning</string>
      <key>filename</key>
      <string>C:/Xilinx/Vitis_HLS/2022.2/common/technology/autopilot\ap_axi_sdata.h</string>
      <key>line</key>
      <integer>84</integer>
      <key>column</key>
      <integer>9</integer>
      <key>message</key>
      <string>HLS pragma dump _XLX_SEP_ PragmaIsValid=1_XLX_SEP_ PragmaType=inline_XLX_SEP_ PragmaContext=_XLX_SEP_ PragmaFunction=get_dest_ptr_XLX_SEP_ PragmaOptions=_XLX_SEP_</string>
      <key>ID</key>
      <integer>5471</integer>
      <key>WarningOption</key>
      <string>dump-hls-pragmas</string>
    </dict>
    <dict>
      <key>level</key>
      <string>warning</string>
      <key>filename</key>
      <string>C:/Xilinx/Vitis_HLS/2022.2/common/technology/autopilot\ap_axi_sdata.h</string>
      <key>line</key>
      <integer>114</integer>
      <key>column</key>
      <integer>9</integer>
      <key>message</key>
      <string>HLS pragma dump _XLX_SEP_ PragmaIsValid=1_XLX_SEP_ PragmaType=inline_XLX_SEP_ PragmaContext=_XLX_SEP_ PragmaFunction=get_strb_ptr_XLX_SEP_ PragmaOptions=_XLX_SEP_</string>
      <key>ID</key>
      <integer>5471</integer>
      <key>WarningOption</key>
      <string>dump-hls-pragmas</string>
    </dict>
    <dict>
      <key>level</key>
      <string>warning</string>
      <key>filename</key>
      <string>C:/Xilinx/Vitis_HLS/2022.2/common/technology/autopilot\ap_axi_sdata.h</string>
      <key>line</key>
      <integer>118</integer>
      <key>column</key>
      <integer>9</integer>
      <key>message</key>
      <string>HLS pragma dump _XLX_SEP_ PragmaIsValid=1_XLX_SEP_ PragmaType=inline_XLX_SEP_ PragmaContext=_XLX_SEP_ PragmaFunction=get_user_ptr_XLX_SEP_ PragmaOptions=_XLX_SEP_</string>
      <key>ID</key>
      <integer>5471</integer>
      <key>WarningOption</key>
      <string>dump-hls-pragmas</string>
    </dict>
    <dict>
      <key>level</key>
      <string>warning</string>
      <key>filename</key>
      <string>C:/Xilinx/Vitis_HLS/2022.2/common/technology/autopilot\ap_axi_sdata.h</string>
      <key>line</key>
      <integer>122</integer>
      <key>column</key>
      <integer>9</integer>
      <key>message</key>
      <string>HLS pragma dump _XLX_SEP_ PragmaIsValid=1_XLX_SEP_ PragmaType=inline_XLX_SEP_ PragmaContext=_XLX_SEP_ PragmaFunction=get_id_ptr_XLX_SEP_ PragmaOptions=_XLX_SEP_</string>
      <key>ID</key>
      <integer>5471</integer>
      <key>WarningOption</key>
      <string>dump-hls-pragmas</string>
    </dict>
    <dict>
      <key>level</key>
      <string>warning</string>
      <key>filename</key>
      <string>C:/Xilinx/Vitis_HLS/2022.2/common/technology/autopilot\ap_axi_sdata.h</string>
      <key>line</key>
      <integer>126</integer>
      <key>column</key>
      <integer>9</integer>
      <key>message</key>
      <string>HLS pragma dump _XLX_SEP_ PragmaIsValid=1_XLX_SEP_ PragmaType=inline_XLX_SEP_ PragmaContext=_XLX_SEP_ PragmaFunction=get_dest_ptr_XLX_SEP_ PragmaOptions=_XLX_SEP_</string>
      <key>ID</key>
      <integer>5471</integer>
      <key>WarningOption</key>
      <string>dump-hls-pragmas</string>
    </dict>
    <dict>
      <key>level</key>
      <string>warning</string>
      <key>filename</key>
      <string>C:/Xilinx/Vitis_HLS/2022.2/common/technology/autopilot\ap_axi_sdata.h</string>
      <key>line</key>
      <integer>132</integer>
      <key>column</key>
      <integer>9</integer>
      <key>message</key>
      <string>HLS pragma dump _XLX_SEP_ PragmaIsValid=1_XLX_SEP_ PragmaType=inline_XLX_SEP_ PragmaContext=_XLX_SEP_ PragmaFunction=get_data_XLX_SEP_ PragmaOptions=_XLX_SEP_</string>
      <key>ID</key>
      <integer>5471</integer>
      <key>WarningOption</key>
      <string>dump-hls-pragmas</string>
    </dict>
    <dict>
      <key>level</key>
      <string>warning</string>
      <key>filename</key>
      <string>C:/Xilinx/Vitis_HLS/2022.2/common/technology/autopilot\ap_axi_sdata.h</string>
      <key>line</key>
      <integer>136</integer>
      <key>column</key>
      <integer>9</integer>
      <key>message</key>
      <string>HLS pragma dump _XLX_SEP_ PragmaIsValid=1_XLX_SEP_ PragmaType=inline_XLX_SEP_ PragmaContext=_XLX_SEP_ PragmaFunction=get_keep_XLX_SEP_ PragmaOptions=_XLX_SEP_</string>
      <key>ID</key>
      <integer>5471</integer>
      <key>WarningOption</key>
      <string>dump-hls-pragmas</string>
    </dict>
    <dict>
      <key>level</key>
      <string>warning</string>
      <key>filename</key>
      <string>C:/Xilinx/Vitis_HLS/2022.2/common/technology/autopilot\ap_axi_sdata.h</string>
      <key>line</key>
      <integer>140</integer>
      <key>column</key>
      <integer>9</integer>
      <key>message</key>
      <string>HLS pragma dump _XLX_SEP_ PragmaIsValid=1_XLX_SEP_ PragmaType=inline_XLX_SEP_ PragmaContext=_XLX_SEP_ PragmaFunction=get_last_XLX_SEP_ PragmaOptions=_XLX_SEP_</string>
      <key>ID</key>
      <integer>5471</integer>
      <key>WarningOption</key>
      <string>dump-hls-pragmas</string>
    </dict>
    <dict>
      <key>level</key>
      <string>warning</string>
      <key>filename</key>
      <string>C:/Xilinx/Vitis_HLS/2022.2/common/technology/autopilot\ap_axi_sdata.h</string>
      <key>line</key>
      <integer>145</integer>
      <key>column</key>
      <integer>9</integer>
      <key>message</key>
      <string>HLS pragma dump _XLX_SEP_ PragmaIsValid=1_XLX_SEP_ PragmaType=inline_XLX_SEP_ PragmaContext=_XLX_SEP_ PragmaFunction=set_data_XLX_SEP_ PragmaOptions=_XLX_SEP_</string>
      <key>ID</key>
      <integer>5471</integer>
      <key>WarningOption</key>
      <string>dump-hls-pragmas</string>
    </dict>
    <dict>
      <key>level</key>
      <string>warning</string>
      <key>filename</key>
      <string>C:/Xilinx/Vitis_HLS/2022.2/common/technology/autopilot\ap_axi_sdata.h</string>
      <key>line</key>
      <integer>149</integer>
      <key>column</key>
      <integer>9</integer>
      <key>message</key>
      <string>HLS pragma dump _XLX_SEP_ PragmaIsValid=1_XLX_SEP_ PragmaType=inline_XLX_SEP_ PragmaContext=_XLX_SEP_ PragmaFunction=set_keep_XLX_SEP_ PragmaOptions=_XLX_SEP_</string>
      <key>ID</key>
      <integer>5471</integer>
      <key>WarningOption</key>
      <string>dump-hls-pragmas</string>
    </dict>
    <dict>
      <key>level</key>
      <string>warning</string>
      <key>filename</key>
      <string>C:/Xilinx/Vitis_HLS/2022.2/common/technology/autopilot\ap_axi_sdata.h</string>
      <key>line</key>
      <integer>153</integer>
      <key>column</key>
      <integer>9</integer>
      <key>message</key>
      <string>HLS pragma dump _XLX_SEP_ PragmaIsValid=1_XLX_SEP_ PragmaType=inline_XLX_SEP_ PragmaContext=_XLX_SEP_ PragmaFunction=set_last_XLX_SEP_ PragmaOptions=_XLX_SEP_</string>
      <key>ID</key>
      <integer>5471</integer>
      <key>WarningOption</key>
      <string>dump-hls-pragmas</string>
    </dict>
    <dict>
      <key>level</key>
      <string>warning</string>
      <key>filename</key>
      <string>C:/Xilinx/Vitis_HLS/2022.2/common/technology/autopilot\ap_axi_sdata.h</string>
      <key>line</key>
      <integer>157</integer>
      <key>column</key>
      <integer>9</integer>
      <key>message</key>
      <string>HLS pragma dump _XLX_SEP_ PragmaIsValid=1_XLX_SEP_ PragmaType=inline_XLX_SEP_ PragmaContext=_XLX_SEP_ PragmaFunction=keep_all_XLX_SEP_ PragmaOptions=_XLX_SEP_</string>
      <key>ID</key>
      <integer>5471</integer>
      <key>WarningOption</key>
      <string>dump-hls-pragmas</string>
    </dict>
    <dict>
      <key>level</key>
      <string>warning</string>
      <key>filename</key>
      <string>C:/Xilinx/Vitis_HLS/2022.2/common/technology/autopilot\ap_axi_sdata.h</string>
      <key>line</key>
      <integer>163</integer>
      <key>column</key>
      <integer>9</integer>
      <key>message</key>
      <string>HLS pragma dump _XLX_SEP_ PragmaIsValid=1_XLX_SEP_ PragmaType=inline_XLX_SEP_ PragmaContext=_XLX_SEP_ PragmaFunction=qdma_axis&lt;WData, 0, 0, 0&gt;_XLX_SEP_ PragmaOptions=_XLX_SEP_</string>
      <key>ID</key>
      <integer>5471</integer>
      <key>WarningOption</key>
      <string>dump-hls-pragmas</string>
    </dict>
    <dict>
      <key>level</key>
      <string>warning</string>
      <key>filename</key>
      <string>C:/Xilinx/Vitis_HLS/2022.2/common/technology/autopilot\ap_axi_sdata.h</string>
      <key>line</key>
      <integer>167</integer>
      <key>column</key>
      <integer>9</integer>
      <key>message</key>
      <string>HLS pragma dump _XLX_SEP_ PragmaIsValid=1_XLX_SEP_ PragmaType=inline_XLX_SEP_ PragmaContext=_XLX_SEP_ PragmaFunction=qdma_axis&lt;WData, 0, 0, 0&gt;_XLX_SEP_ PragmaOptions=_XLX_SEP_</string>
      <key>ID</key>
      <integer>5471</integer>
      <key>WarningOption</key>
      <string>dump-hls-pragmas</string>
    </dict>
    <dict>
      <key>level</key>
      <string>warning</string>
      <key>filename</key>
      <string>C:/Xilinx/Vitis_HLS/2022.2/common/technology/autopilot\ap_axi_sdata.h</string>
      <key>line</key>
      <integer>171</integer>
      <key>column</key>
      <integer>9</integer>
      <key>message</key>
      <string>HLS pragma dump _XLX_SEP_ PragmaIsValid=1_XLX_SEP_ PragmaType=inline_XLX_SEP_ PragmaContext=_XLX_SEP_ PragmaFunction=qdma_axis&lt;WData, 0, 0, 0&gt;_XLX_SEP_ PragmaOptions=_XLX_SEP_</string>
      <key>ID</key>
      <integer>5471</integer>
      <key>WarningOption</key>
      <string>dump-hls-pragmas</string>
    </dict>
    <dict>
      <key>level</key>
      <string>warning</string>
      <key>filename</key>
      <string>C:/Xilinx/Vitis_HLS/2022.2/common/technology/autopilot\ap_axi_sdata.h</string>
      <key>line</key>
      <integer>176</integer>
      <key>column</key>
      <integer>9</integer>
      <key>message</key>
      <string>HLS pragma dump _XLX_SEP_ PragmaIsValid=1_XLX_SEP_ PragmaType=inline_XLX_SEP_ PragmaContext=_XLX_SEP_ PragmaFunction=qdma_axis&lt;WData, 0, 0, 0&gt;_XLX_SEP_ PragmaOptions=_XLX_SEP_</string>
      <key>ID</key>
      <integer>5471</integer>
      <key>WarningOption</key>
      <string>dump-hls-pragmas</string>
    </dict>
    <dict>
      <key>level</key>
      <string>warning</string>
      <key>filename</key>
      <string>C:/Xilinx/Vitis_HLS/2022.2/common/technology/autopilot\ap_axi_sdata.h</string>
      <key>line</key>
      <integer>181</integer>
      <key>column</key>
      <integer>9</integer>
      <key>message</key>
      <string>HLS pragma dump _XLX_SEP_ PragmaIsValid=1_XLX_SEP_ PragmaType=inline_XLX_SEP_ PragmaContext=_XLX_SEP_ PragmaFunction=qdma_axis&lt;WData, 0, 0, 0&gt;_XLX_SEP_ PragmaOptions=_XLX_SEP_</string>
      <key>ID</key>
      <integer>5471</integer>
      <key>WarningOption</key>
      <string>dump-hls-pragmas</string>
    </dict>
    <dict>
      <key>level</key>
      <string>warning</string>
      <key>filename</key>
      <string>C:/Xilinx/Vitis_HLS/2022.2/common/technology/autopilot\ap_axi_sdata.h</string>
      <key>line</key>
      <integer>185</integer>
      <key>column</key>
      <integer>9</integer>
      <key>message</key>
      <string>HLS pragma dump _XLX_SEP_ PragmaIsValid=1_XLX_SEP_ PragmaType=inline_XLX_SEP_ PragmaContext=_XLX_SEP_ PragmaFunction=operator=_XLX_SEP_ PragmaOptions=_XLX_SEP_</string>
      <key>ID</key>
      <integer>5471</integer>
      <key>WarningOption</key>
      <string>dump-hls-pragmas</string>
    </dict>
    <dict>
      <key>level</key>
      <string>warning</string>
      <key>filename</key>
      <string>C:/Xilinx/Vitis_HLS/2022.2/common/technology/autopilot\ap_axi_sdata.h</string>
      <key>line</key>
      <integer>220</integer>
      <key>column</key>
      <integer>9</integer>
      <key>message</key>
      <string>HLS pragma dump _XLX_SEP_ PragmaIsValid=1_XLX_SEP_ PragmaType=inline_XLX_SEP_ PragmaContext=_XLX_SEP_ PragmaFunction=empty_XLX_SEP_ PragmaOptions=_XLX_SEP_</string>
      <key>ID</key>
      <integer>5471</integer>
      <key>WarningOption</key>
      <string>dump-hls-pragmas</string>
    </dict>
    <dict>
      <key>level</key>
      <string>warning</string>
      <key>filename</key>
      <string>C:/Xilinx/Vitis_HLS/2022.2/common/technology/autopilot\ap_axi_sdata.h</string>
      <key>line</key>
      <integer>227</integer>
      <key>column</key>
      <integer>9</integer>
      <key>message</key>
      <string>HLS pragma dump _XLX_SEP_ PragmaIsValid=1_XLX_SEP_ PragmaType=inline_XLX_SEP_ PragmaContext=_XLX_SEP_ PragmaFunction=full_XLX_SEP_ PragmaOptions=_XLX_SEP_</string>
      <key>ID</key>
      <integer>5471</integer>
      <key>WarningOption</key>
      <string>dump-hls-pragmas</string>
    </dict>
    <dict>
      <key>level</key>
      <string>warning</string>
      <key>filename</key>
      <string>C:/Xilinx/Vitis_HLS/2022.2/common/technology/autopilot\ap_axi_sdata.h</string>
      <key>line</key>
      <integer>235</integer>
      <key>column</key>
      <integer>9</integer>
      <key>message</key>
      <string>HLS pragma dump _XLX_SEP_ PragmaIsValid=1_XLX_SEP_ PragmaType=inline_XLX_SEP_ PragmaContext=_XLX_SEP_ PragmaFunction=read_XLX_SEP_ PragmaOptions=_XLX_SEP_</string>
      <key>ID</key>
      <integer>5471</integer>
      <key>WarningOption</key>
      <string>dump-hls-pragmas</string>
    </dict>
    <dict>
      <key>level</key>
      <string>warning</string>
      <key>filename</key>
      <string>C:/Xilinx/Vitis_HLS/2022.2/common/technology/autopilot\ap_axi_sdata.h</string>
      <key>line</key>
      <integer>245</integer>
      <key>column</key>
      <integer>9</integer>
      <key>message</key>
      <string>HLS pragma dump _XLX_SEP_ PragmaIsValid=1_XLX_SEP_ PragmaType=inline_XLX_SEP_ PragmaContext=_XLX_SEP_ PragmaFunction=read_XLX_SEP_ PragmaOptions=_XLX_SEP_</string>
      <key>ID</key>
      <integer>5471</integer>
      <key>WarningOption</key>
      <string>dump-hls-pragmas</string>
    </dict>
    <dict>
      <key>level</key>
      <string>warning</string>
      <key>filename</key>
      <string>C:/Xilinx/Vitis_HLS/2022.2/common/technology/autopilot\ap_axi_sdata.h</string>
      <key>line</key>
      <integer>256</integer>
      <key>column</key>
      <integer>9</integer>
      <key>message</key>
      <string>HLS pragma dump _XLX_SEP_ PragmaIsValid=1_XLX_SEP_ PragmaType=inline_XLX_SEP_ PragmaContext=_XLX_SEP_ PragmaFunction=write_XLX_SEP_ PragmaOptions=_XLX_SEP_</string>
      <key>ID</key>
      <integer>5471</integer>
      <key>WarningOption</key>
      <string>dump-hls-pragmas</string>
    </dict>
    <dict>
      <key>level</key>
      <string>warning</string>
      <key>filename</key>
      <string>C:/Xilinx/Vitis_HLS/2022.2/common/technology/autopilot\ap_axi_sdata.h</string>
      <key>line</key>
      <integer>266</integer>
      <key>column</key>
      <integer>9</integer>
      <key>message</key>
      <string>HLS pragma dump _XLX_SEP_ PragmaIsValid=1_XLX_SEP_ PragmaType=inline_XLX_SEP_ PragmaContext=_XLX_SEP_ PragmaFunction=read_nb_XLX_SEP_ PragmaOptions=_XLX_SEP_</string>
      <key>ID</key>
      <integer>5471</integer>
      <key>WarningOption</key>
      <string>dump-hls-pragmas</string>
    </dict>
    <dict>
      <key>level</key>
      <string>warning</string>
      <key>filename</key>
      <string>C:/Xilinx/Vitis_HLS/2022.2/common/technology/autopilot\ap_axi_sdata.h</string>
      <key>line</key>
      <integer>281</integer>
      <key>column</key>
      <integer>9</integer>
      <key>message</key>
      <string>HLS pragma dump _XLX_SEP_ PragmaIsValid=1_XLX_SEP_ PragmaType=inline_XLX_SEP_ PragmaContext=_XLX_SEP_ PragmaFunction=write_nb_XLX_SEP_ PragmaOptions=_XLX_SEP_</string>
      <key>ID</key>
      <integer>5471</integer>
      <key>WarningOption</key>
      <string>dump-hls-pragmas</string>
    </dict>
    <dict>
      <key>level</key>
      <string>warning</string>
      <key>filename</key>
      <string>C:/Xilinx/Vitis_HLS/2022.2/common/technology/autopilot\ap_axi_sdata.h</string>
      <key>line</key>
      <integer>317</integer>
      <key>column</key>
      <integer>9</integer>
      <key>message</key>
      <string>HLS pragma dump _XLX_SEP_ PragmaIsValid=1_XLX_SEP_ PragmaType=inline_XLX_SEP_ PragmaContext=_XLX_SEP_ PragmaFunction=empty_XLX_SEP_ PragmaOptions=_XLX_SEP_</string>
      <key>ID</key>
      <integer>5471</integer>
      <key>WarningOption</key>
      <string>dump-hls-pragmas</string>
    </dict>
    <dict>
      <key>level</key>
      <string>warning</string>
      <key>filename</key>
      <string>C:/Xilinx/Vitis_HLS/2022.2/common/technology/autopilot\ap_axi_sdata.h</string>
      <key>line</key>
      <integer>324</integer>
      <key>column</key>
      <integer>9</integer>
      <key>message</key>
      <string>HLS pragma dump _XLX_SEP_ PragmaIsValid=1_XLX_SEP_ PragmaType=inline_XLX_SEP_ PragmaContext=_XLX_SEP_ PragmaFunction=full_XLX_SEP_ PragmaOptions=_XLX_SEP_</string>
      <key>ID</key>
      <integer>5471</integer>
      <key>WarningOption</key>
      <string>dump-hls-pragmas</string>
    </dict>
    <dict>
      <key>level</key>
      <string>warning</string>
      <key>filename</key>
      <string>C:/Xilinx/Vitis_HLS/2022.2/common/technology/autopilot\ap_axi_sdata.h</string>
      <key>line</key>
      <integer>332</integer>
      <key>column</key>
      <integer>9</integer>
      <key>message</key>
      <string>HLS pragma dump _XLX_SEP_ PragmaIsValid=1_XLX_SEP_ PragmaType=inline_XLX_SEP_ PragmaContext=_XLX_SEP_ PragmaFunction=read_XLX_SEP_ PragmaOptions=_XLX_SEP_</string>
      <key>ID</key>
      <integer>5471</integer>
      <key>WarningOption</key>
      <string>dump-hls-pragmas</string>
    </dict>
    <dict>
      <key>level</key>
      <string>warning</string>
      <key>filename</key>
      <string>C:/Xilinx/Vitis_HLS/2022.2/common/technology/autopilot\ap_axi_sdata.h</string>
      <key>line</key>
      <integer>342</integer>
      <key>column</key>
      <integer>9</integer>
      <key>message</key>
      <string>HLS pragma dump _XLX_SEP_ PragmaIsValid=1_XLX_SEP_ PragmaType=inline_XLX_SEP_ PragmaContext=_XLX_SEP_ PragmaFunction=read_XLX_SEP_ PragmaOptions=_XLX_SEP_</string>
      <key>ID</key>
      <integer>5471</integer>
      <key>WarningOption</key>
      <string>dump-hls-pragmas</string>
    </dict>
    <dict>
      <key>level</key>
      <string>warning</string>
      <key>filename</key>
      <string>C:/Xilinx/Vitis_HLS/2022.2/common/technology/autopilot\ap_axi_sdata.h</string>
      <key>line</key>
      <integer>353</integer>
      <key>column</key>
      <integer>9</integer>
      <key>message</key>
      <string>HLS pragma dump _XLX_SEP_ PragmaIsValid=1_XLX_SEP_ PragmaType=inline_XLX_SEP_ PragmaContext=_XLX_SEP_ PragmaFunction=write_XLX_SEP_ PragmaOptions=_XLX_SEP_</string>
      <key>ID</key>
      <integer>5471</integer>
      <key>WarningOption</key>
      <string>dump-hls-pragmas</string>
    </dict>
    <dict>
      <key>level</key>
      <string>warning</string>
      <key>filename</key>
      <string>C:/Xilinx/Vitis_HLS/2022.2/common/technology/autopilot\ap_axi_sdata.h</string>
      <key>line</key>
      <integer>363</integer>
      <key>column</key>
      <integer>9</integer>
      <key>message</key>
      <string>HLS pragma dump _XLX_SEP_ PragmaIsValid=1_XLX_SEP_ PragmaType=inline_XLX_SEP_ PragmaContext=_XLX_SEP_ PragmaFunction=read_nb_XLX_SEP_ PragmaOptions=_XLX_SEP_</string>
      <key>ID</key>
      <integer>5471</integer>
      <key>WarningOption</key>
      <string>dump-hls-pragmas</string>
    </dict>
    <dict>
      <key>level</key>
      <string>warning</string>
      <key>filename</key>
      <string>C:/Xilinx/Vitis_HLS/2022.2/common/technology/autopilot\ap_axi_sdata.h</string>
      <key>line</key>
      <integer>379</integer>
      <key>column</key>
      <integer>9</integer>
      <key>message</key>
      <string>HLS pragma dump _XLX_SEP_ PragmaIsValid=1_XLX_SEP_ PragmaType=inline_XLX_SEP_ PragmaContext=_XLX_SEP_ PragmaFunction=write_nb_XLX_SEP_ PragmaOptions=_XLX_SEP_</string>
      <key>ID</key>
      <integer>5471</integer>
      <key>WarningOption</key>
      <string>dump-hls-pragmas</string>
    </dict>
    <dict>
      <key>level</key>
      <string>warning</string>
      <key>filename</key>
      <string>ff_monitor.cpp</string>
      <key>line</key>
      <integer>63</integer>
      <key>column</key>
      <integer>24</integer>
      <key>message</key>
      <string>&amp; has lower precedence than ==; == will be evaluated first</string>
      <key>ID</key>
      <integer>5094</integer>
      <key>WarningOption</key>
      <string>parentheses</string>
    </dict>
    <dict>
      <key>level</key>
      <string>note</string>
      <key>filename</key>
      <string>ff_monitor.cpp</string>
      <key>line</key>
      <integer>63</integer>
      <key>column</key>
      <integer>24</integer>
      <key>message</key>
      <string>place parentheses around the &apos;==&apos; expression to silence this warning</string>
      <key>ID</key>
      <integer>4428</integer>
    </dict>
    <dict>
      <key>level</key>
      <string>note</string>
      <key>filename</key>
      <string>ff_monitor.cpp</string>
      <key>line</key>
      <integer>63</integer>
      <key>column</key>
      <integer>24</integer>
      <key>message</key>
      <string>place parentheses around the &amp; expression to evaluate it first</string>
      <key>ID</key>
      <integer>4426</integer>
    </dict>
    <dict>
      <key>level</key>
      <string>warning</string>
      <key>filename</key>
      <string>ff_monitor.cpp</string>
      <key>line</key>
      <integer>69</integer>
      <key>column</key>
      <integer>25</integer>
      <key>message</key>
      <string>&amp; has lower precedence than &lt;; &lt; will be evaluated first</string>
      <key>ID</key>
      <integer>5094</integer>
      <key>WarningOption</key>
      <string>parentheses</string>
    </dict>
    <dict>
      <key>level</key>
      <string>note</string>
      <key>filename</key>
      <string>ff_monitor.cpp</string>
      <key>line</key>
      <integer>69</integer>
      <key>column</key>
      <integer>25</integer>
      <key>message</key>
      <string>place parentheses around the &apos;&lt;&apos; expression to silence this warning</string>
      <key>ID</key>
      <integer>4428</integer>
    </dict>
    <dict>
      <key>level</key>
      <string>note</string>
      <key>filename</key>
      <string>ff_monitor.cpp</string>
      <key>line</key>
      <integer>69</integer>
      <key>column</key>
      <integer>25</integer>
      <key>message</key>
      <string>place parentheses around the &amp; expression to evaluate it first</string>
      <key>ID</key>
      <integer>4426</integer>
    </dict>
    <dict>
      <key>level</key>
      <string>warning</string>
      <key>filename</key>
      <string>C:/sp701/ff_monitor/ff_monitor/solution1/csynth.tcl</string>
      <key>line</key>
      <integer>20</integer>
      <key>column</key>
      <integer>9</integer>
      <key>message</key>
      <string>HLS pragma dump _XLX_SEP_ PragmaIsValid=1_XLX_SEP_ PragmaType=top_XLX_SEP_ PragmaContext=directive_XLX_SEP_ PragmaFunction=ff_monitor_gen_XLX_SEP_ PragmaOptions=name=ff_monitor_gen_XLX_SEP_</string>
      <key>ID</key>
      <integer>5471</integer>
      <key>WarningOption</key>
      <string>dump-hls-pragmas</string>
    </dict>
    <dict>
      <key>level</key>
      <string>warning</string>
      <key>filename</key>
      <string>C:/sp701/ff_monitor/ff_monitor/solution1/directives.tcl</string>
      <key>line</key>
      <integer>6</integer>
      <key>column</key>
      <integer>9</integer>
      <key>message</key>
      <string>HLS pragma dump _XLX_SEP_ PragmaIsValid=1_XLX_SEP_ PragmaType=top_XLX_SEP_ PragmaContext=directive_XLX_SEP_ PragmaFunction=ff_monitor_gen_XLX_SEP_ PragmaOptions=name=ff_monitor_gen_XLX_SEP_</string>
      <key>ID</key>
      <integer>5471</integer>
      <key>WarningOption</key>
      <string>dump-hls-pragmas</string>
    </dict>
    <dict>
      <key>level</key>
      <string>warning</string>
      <key>filename</key>
      <string>ff_monitor.cpp</string>
      <key>line</key>
      <integer>87</integer>
      <key>column</key>
      <integer>9</integer>
      <key>message</key>
      <string>HLS pragma dump _XLX_SEP_ PragmaIsValid=1_XLX_SEP_ PragmaType=interface_XLX_SEP_ PragmaContext=_XLX_SEP_ PragmaFunction=ff_monitor_gen_XLX_SEP_ PragmaOptions=s_axilite port=return_XLX_SEP_</string>
      <key>ID</key>
      <integer>5471</integer>
      <key>WarningOption</key>
      <string>dump-hls-pragmas</string>
    </dict>
    <dict>
      <key>level</key>
      <string>warning</string>
      <key>filename</key>
      <string>ff_monitor.cpp</string>
      <key>line</key>
      <integer>88</integer>
      <key>column</key>
      <integer>9</integer>
      <key>message</key>
      <string>HLS pragma dump _XLX_SEP_ PragmaIsValid=1_XLX_SEP_ PragmaType=interface_XLX_SEP_ PragmaContext=_XLX_SEP_ PragmaFunction=ff_monitor_gen_XLX_SEP_ PragmaOptions=s_axilite port=char_1_XLX_SEP_</string>
      <key>ID</key>
      <integer>5471</integer>
      <key>WarningOption</key>
      <string>dump-hls-pragmas</string>
    </dict>
    <dict>
      <key>level</key>
      <string>warning</string>
      <key>filename</key>
      <string>ff_monitor.cpp</string>
      <key>line</key>
      <integer>89</integer>
      <key>column</key>
      <integer>9</integer>
      <key>message</key>
      <string>HLS pragma dump _XLX_SEP_ PragmaIsValid=1_XLX_SEP_ PragmaType=interface_XLX_SEP_ PragmaContext=_XLX_SEP_ PragmaFunction=ff_monitor_gen_XLX_SEP_ PragmaOptions=s_axilite port=char_2_XLX_SEP_</string>
      <key>ID</key>
      <integer>5471</integer>
      <key>WarningOption</key>
      <string>dump-hls-pragmas</string>
    </dict>
    <dict>
      <key>level</key>
      <string>warning</string>
      <key>filename</key>
      <string>ff_monitor.cpp</string>
      <key>line</key>
      <integer>90</integer>
      <key>column</key>
      <integer>9</integer>
      <key>message</key>
      <string>HLS pragma dump _XLX_SEP_ PragmaIsValid=1_XLX_SEP_ PragmaType=interface_XLX_SEP_ PragmaContext=_XLX_SEP_ PragmaFunction=ff_monitor_gen_XLX_SEP_ PragmaOptions=s_axilite port=char_3_XLX_SEP_</string>
      <key>ID</key>
      <integer>5471</integer>
      <key>WarningOption</key>
      <string>dump-hls-pragmas</string>
    </dict>
    <dict>
      <key>level</key>
      <string>warning</string>
      <key>filename</key>
      <string>ff_monitor.cpp</string>
      <key>line</key>
      <integer>91</integer>
      <key>column</key>
      <integer>9</integer>
      <key>message</key>
      <string>HLS pragma dump _XLX_SEP_ PragmaIsValid=1_XLX_SEP_ PragmaType=interface_XLX_SEP_ PragmaContext=_XLX_SEP_ PragmaFunction=ff_monitor_gen_XLX_SEP_ PragmaOptions=s_axilite port=char_4_XLX_SEP_</string>
      <key>ID</key>
      <integer>5471</integer>
      <key>WarningOption</key>
      <string>dump-hls-pragmas</string>
    </dict>
    <dict>
      <key>level</key>
      <string>warning</string>
      <key>filename</key>
      <string>ff_monitor.cpp</string>
      <key>line</key>
      <integer>92</integer>
      <key>column</key>
      <integer>9</integer>
      <key>message</key>
      <string>HLS pragma dump _XLX_SEP_ PragmaIsValid=1_XLX_SEP_ PragmaType=interface_XLX_SEP_ PragmaContext=_XLX_SEP_ PragmaFunction=ff_monitor_gen_XLX_SEP_ PragmaOptions=s_axilite port=column_XLX_SEP_</string>
      <key>ID</key>
      <integer>5471</integer>
      <key>WarningOption</key>
      <string>dump-hls-pragmas</string>
    </dict>
    <dict>
      <key>level</key>
      <string>warning</string>
      <key>filename</key>
      <string>ff_monitor.cpp</string>
      <key>line</key>
      <integer>93</integer>
      <key>column</key>
      <integer>9</integer>
      <key>message</key>
      <string>HLS pragma dump _XLX_SEP_ PragmaIsValid=1_XLX_SEP_ PragmaType=interface_XLX_SEP_ PragmaContext=_XLX_SEP_ PragmaFunction=ff_monitor_gen_XLX_SEP_ PragmaOptions=s_axilite port=row_XLX_SEP_</string>
      <key>ID</key>
      <integer>5471</integer>
      <key>WarningOption</key>
      <string>dump-hls-pragmas</string>
    </dict>
    <dict>
      <key>level</key>
      <string>warning</string>
      <key>filename</key>
      <string>ff_monitor.cpp</string>
      <key>line</key>
      <integer>94</integer>
      <key>column</key>
      <integer>9</integer>
      <key>message</key>
      <string>HLS pragma dump _XLX_SEP_ PragmaIsValid=1_XLX_SEP_ PragmaType=interface_XLX_SEP_ PragmaContext=_XLX_SEP_ PragmaFunction=ff_monitor_gen_XLX_SEP_ PragmaOptions=axis register both port=op_XLX_SEP_</string>
      <key>ID</key>
      <integer>5471</integer>
      <key>WarningOption</key>
      <string>dump-hls-pragmas</string>
    </dict>
  </array>
</dict>
