<profile>

<section name = "Vitis HLS Report for 'ff_monitor_gen'" level="0">
<item name = "Date">Thu Nov 17 23:26:43 2022
</item>
<item name = "Version">2022.2 (Build 3670227 on Oct 13 2022)</item>
<item name = "Project">ff_monitor</item>
<item name = "Solution">solution1 (Vivado IP Flow Target)</item>
<item name = "Product family">spartan7</item>
<item name = "Target device">xc7s100-fgga676-2</item>
</section>

<section name = "Performance Estimates" level="0">
<item name = "Timing">
<section name = "" level="1">
<item name = "Summary"><table name="" hasTotal="0">
<keys size="4">Clock, Target, Estimated, Uncertainty</keys>
<column name="ap_clk">10.00 ns, 7.938 ns, 2.70 ns</column>
</table>
</item>
</section>
</item>
<item name = "Latency">
<section name = "" level="1">
<item name = "Summary"><table name="" hasTotal="0">
<keys size="8">, min, max, min, max, min, max, Type</keys>
<column name="">?, ?, ?, ?, ?, ?, no</column>
</table>
</item>
<item name = "Detail">
<section name = "" level="1">
<item name = "Instance"><table name="" hasTotal="0">
<keys size="9">Instance, Module, min, max, min, max, min, max, Type</keys>
<column name="grp_ff_monitor_gen_Pipeline_1_fu_265">ff_monitor_gen_Pipeline_1, 6, 6, 60.000 ns, 60.000 ns, 6, 6, no</column>
<column name="grp_ff_monitor_gen_Pipeline_2_fu_271">ff_monitor_gen_Pipeline_2, 6, 6, 60.000 ns, 60.000 ns, 6, 6, no</column>
<column name="grp_ff_monitor_gen_Pipeline_3_fu_277">ff_monitor_gen_Pipeline_3, 6, 6, 60.000 ns, 60.000 ns, 6, 6, no</column>
<column name="grp_ff_monitor_gen_Pipeline_4_fu_283">ff_monitor_gen_Pipeline_4, 6, 6, 60.000 ns, 60.000 ns, 6, 6, no</column>
<column name="grp_ff_monitor_gen_Pipeline_row_loop_column_loop_fu_289">ff_monitor_gen_Pipeline_row_loop_column_loop, ?, ?, ?, ?, ?, ?, no</column>
</table>
</item>
<item name = "Loop"><table name="" hasTotal="0">
<keys size="8">Loop Name, min, max, Latency, achieved, target, Count, Pipelined</keys>
</table>
</item>
</section>
</item>
</section>
</item>
</section>

<section name = "Utilization Estimates" level="0">
<item name = "Summary"><table name="" hasTotal="1">
<keys size="6">Name, BRAM_18K, DSP, FF, LUT, URAM</keys>
<column name="DSP">-, -, -, -, -</column>
<column name="Expression">-, -, 0, 199, -</column>
<column name="FIFO">-, -, -, -, -</column>
<column name="Instance">10, 3, 679, 2544, -</column>
<column name="Memory">0, -, 264, 9, 0</column>
<column name="Multiplexer">-, -, -, 480, -</column>
<column name="Register">-, -, 324, -, -</column>
<specialColumn name="Available">240, 160, 128000, 64000, 0</specialColumn>
<specialColumn name="Utilization (%)">4, 1, ~0, 5, 0</specialColumn>
</table>
</item>
<item name = "Detail">
<section name = "" level="1">
<item name = "Instance"><table name="" hasTotal="1">
<keys size="7">Instance, Module, BRAM_18K, DSP, FF, LUT, URAM</keys>
<column name="control_s_axi_U">control_s_axi, 0, 0, 264, 424, 0</column>
<column name="grp_ff_monitor_gen_Pipeline_1_fu_265">ff_monitor_gen_Pipeline_1, 0, 0, 5, 47, 0</column>
<column name="grp_ff_monitor_gen_Pipeline_2_fu_271">ff_monitor_gen_Pipeline_2, 0, 0, 5, 47, 0</column>
<column name="grp_ff_monitor_gen_Pipeline_3_fu_277">ff_monitor_gen_Pipeline_3, 0, 0, 5, 47, 0</column>
<column name="grp_ff_monitor_gen_Pipeline_4_fu_283">ff_monitor_gen_Pipeline_4, 0, 0, 5, 47, 0</column>
<column name="grp_ff_monitor_gen_Pipeline_row_loop_column_loop_fu_289">ff_monitor_gen_Pipeline_row_loop_column_loop, 10, 0, 395, 1911, 0</column>
<column name="mul_32ns_32ns_64_1_1_U34">mul_32ns_32ns_64_1_1, 0, 3, 0, 21, 0</column>
</table>
</item>
<item name = "DSP"><table name="" hasTotal="0">
<keys size="3">Instance, Module, Expression</keys>
</table>
</item>
<item name = "Memory"><table name="" hasTotal="1">
<keys size="10">Memory, Module, BRAM_18K, FF, LUT, URAM, Words, Bits, Banks, W*Bits*Banks</keys>
<column name="count_pixel_U">count_pixel_RAM_AUTO_1R1W, 0, 64, 2, 0, 4, 32, 1, 128</column>
<column name="digits_U">digits_RAM_AUTO_1R1W, 0, 8, 1, 0, 8, 4, 1, 32</column>
<column name="line_U">line_RAM_AUTO_1R1W, 0, 64, 2, 0, 4, 32, 1, 128</column>
<column name="pixel_U">line_RAM_AUTO_1R1W, 0, 64, 2, 0, 4, 32, 1, 128</column>
<column name="count_line_U">line_RAM_AUTO_1R1W, 0, 64, 2, 0, 4, 32, 1, 128</column>
</table>
</item>
<item name = "FIFO"><table name="" hasTotal="1">
<keys size="8">Name, BRAM_18K, FF, LUT, URAM, Depth, Bits, Size:D*B</keys>
</table>
</item>
<item name = "Expression"><table name="" hasTotal="1">
<keys size="7">Variable Name, Operation, DSP, FF, LUT, Bitwidth P0, Bitwidth P1</keys>
<column name="sub47_fu_421_p2">+, 0, 0, 39, 32, 5</column>
<column name="sub50_fu_427_p2">+, 0, 0, 39, 32, 5</column>
<column name="sub57_fu_433_p2">+, 0, 0, 39, 32, 5</column>
<column name="sub88_fu_439_p2">+, 0, 0, 39, 32, 5</column>
<column name="sub_fu_415_p2">+, 0, 0, 39, 32, 2</column>
<column name="grp_ff_monitor_gen_Pipeline_row_loop_column_loop_fu_289_op_TREADY">and, 0, 0, 2, 1, 1</column>
<column name="ap_block_state2_on_subcall_done">or, 0, 0, 2, 1, 1</column>
</table>
</item>
<item name = "Multiplexer"><table name="" hasTotal="1">
<keys size="5">Name, LUT, Input Size, Bits, Total Bits</keys>
<column name="ap_NS_fsm">39, 8, 1, 8</column>
<column name="count_line_address0">15, 3, 2, 6</column>
<column name="count_line_ce0">15, 3, 1, 3</column>
<column name="count_line_ce1">9, 2, 1, 2</column>
<column name="count_line_d0">15, 3, 32, 96</column>
<column name="count_line_we0">15, 3, 1, 3</column>
<column name="count_line_we1">9, 2, 1, 2</column>
<column name="count_pixel_address0">15, 3, 2, 6</column>
<column name="count_pixel_ce0">15, 3, 1, 3</column>
<column name="count_pixel_ce1">9, 2, 1, 2</column>
<column name="count_pixel_d0">15, 3, 32, 96</column>
<column name="count_pixel_we0">15, 3, 1, 3</column>
<column name="count_pixel_we1">9, 2, 1, 2</column>
<column name="digits_address0">33, 6, 3, 18</column>
<column name="digits_address1">27, 5, 3, 15</column>
<column name="digits_ce0">15, 3, 1, 3</column>
<column name="digits_d0">27, 5, 4, 20</column>
<column name="digits_d1">27, 5, 4, 20</column>
<column name="line_address0">15, 3, 2, 6</column>
<column name="line_ce0">15, 3, 1, 3</column>
<column name="line_ce1">9, 2, 1, 2</column>
<column name="line_d0">15, 3, 32, 96</column>
<column name="line_we0">15, 3, 1, 3</column>
<column name="line_we1">9, 2, 1, 2</column>
<column name="pixel_address0">15, 3, 2, 6</column>
<column name="pixel_ce0">15, 3, 1, 3</column>
<column name="pixel_ce1">9, 2, 1, 2</column>
<column name="pixel_d0">15, 3, 32, 96</column>
<column name="pixel_we0">15, 3, 1, 3</column>
<column name="pixel_we1">9, 2, 1, 2</column>
</table>
</item>
<item name = "Register"><table name="" hasTotal="1">
<keys size="5">Name, FF, LUT, Bits, Const Bits</keys>
<column name="ap_CS_fsm">7, 0, 7, 0</column>
<column name="bound_reg_529">64, 0, 64, 0</column>
<column name="column_read_reg_458">32, 0, 32, 0</column>
<column name="grp_ff_monitor_gen_Pipeline_1_fu_265_ap_start_reg">1, 0, 1, 0</column>
<column name="grp_ff_monitor_gen_Pipeline_2_fu_271_ap_start_reg">1, 0, 1, 0</column>
<column name="grp_ff_monitor_gen_Pipeline_3_fu_277_ap_start_reg">1, 0, 1, 0</column>
<column name="grp_ff_monitor_gen_Pipeline_4_fu_283_ap_start_reg">1, 0, 1, 0</column>
<column name="grp_ff_monitor_gen_Pipeline_row_loop_column_loop_fu_289_ap_start_reg">1, 0, 1, 0</column>
<column name="row_read_reg_467">32, 0, 32, 0</column>
<column name="sub47_reg_509">32, 0, 32, 0</column>
<column name="sub50_reg_514">32, 0, 32, 0</column>
<column name="sub57_reg_519">32, 0, 32, 0</column>
<column name="sub88_reg_524">32, 0, 32, 0</column>
<column name="sub_reg_504">32, 0, 32, 0</column>
<column name="trunc_ln110_reg_499">4, 0, 4, 0</column>
<column name="trunc_ln2_reg_474">4, 0, 4, 0</column>
<column name="trunc_ln3_reg_479">4, 0, 4, 0</column>
<column name="trunc_ln4_reg_484">4, 0, 4, 0</column>
<column name="trunc_ln5_reg_489">4, 0, 4, 0</column>
<column name="trunc_ln6_reg_494">4, 0, 4, 0</column>
</table>
</item>
</section>
</item>
</section>

<section name = "Interface" level="0">
<item name = "Summary"><table name="" hasTotal="0">
<keys size="6">RTL Ports, Dir, Bits, Protocol, Source Object, C Type</keys>
<column name="s_axi_control_AWVALID">in, 1, s_axi, control, scalar</column>
<column name="s_axi_control_AWREADY">out, 1, s_axi, control, scalar</column>
<column name="s_axi_control_AWADDR">in, 6, s_axi, control, scalar</column>
<column name="s_axi_control_WVALID">in, 1, s_axi, control, scalar</column>
<column name="s_axi_control_WREADY">out, 1, s_axi, control, scalar</column>
<column name="s_axi_control_WDATA">in, 32, s_axi, control, scalar</column>
<column name="s_axi_control_WSTRB">in, 4, s_axi, control, scalar</column>
<column name="s_axi_control_ARVALID">in, 1, s_axi, control, scalar</column>
<column name="s_axi_control_ARREADY">out, 1, s_axi, control, scalar</column>
<column name="s_axi_control_ARADDR">in, 6, s_axi, control, scalar</column>
<column name="s_axi_control_RVALID">out, 1, s_axi, control, scalar</column>
<column name="s_axi_control_RREADY">in, 1, s_axi, control, scalar</column>
<column name="s_axi_control_RDATA">out, 32, s_axi, control, scalar</column>
<column name="s_axi_control_RRESP">out, 2, s_axi, control, scalar</column>
<column name="s_axi_control_BVALID">out, 1, s_axi, control, scalar</column>
<column name="s_axi_control_BREADY">in, 1, s_axi, control, scalar</column>
<column name="s_axi_control_BRESP">out, 2, s_axi, control, scalar</column>
<column name="ap_clk">in, 1, ap_ctrl_hs, ff_monitor_gen, return value</column>
<column name="ap_rst_n">in, 1, ap_ctrl_hs, ff_monitor_gen, return value</column>
<column name="interrupt">out, 1, ap_ctrl_hs, ff_monitor_gen, return value</column>
<column name="op_TDATA">out, 32, axis, op_V_data_V, pointer</column>
<column name="op_TVALID">out, 1, axis, op_V_dest_V, pointer</column>
<column name="op_TREADY">in, 1, axis, op_V_dest_V, pointer</column>
<column name="op_TDEST">out, 1, axis, op_V_dest_V, pointer</column>
<column name="op_TKEEP">out, 4, axis, op_V_keep_V, pointer</column>
<column name="op_TSTRB">out, 4, axis, op_V_strb_V, pointer</column>
<column name="op_TUSER">out, 1, axis, op_V_user_V, pointer</column>
<column name="op_TLAST">out, 1, axis, op_V_last_V, pointer</column>
<column name="op_TID">out, 1, axis, op_V_id_V, pointer</column>
</table>
</item>
</section>
</profile>
