<profile>

<section name = "Vitis HLS Report for 'ff_monitor_gen_Pipeline_1'" level="0">
<item name = "Date">Thu Nov 17 23:26:41 2022
</item>
<item name = "Version">2022.2 (Build 3670227 on Oct 13 2022)</item>
<item name = "Project">ff_monitor</item>
<item name = "Solution">solution1 (Vivado IP Flow Target)</item>
<item name = "Product family">spartan7</item>
<item name = "Target device">xc7s100-fgga676-2</item>
</section>

<section name = "Performance Estimates" level="0">
<item name = "Timing">
<section name = "" level="1">
<item name = "Summary"><table name="" hasTotal="0">
<keys size="4">Clock, Target, Estimated, Uncertainty</keys>
<column name="ap_clk">10.00 ns, 2.756 ns, 2.70 ns</column>
</table>
</item>
</section>
</item>
<item name = "Latency">
<section name = "" level="1">
<item name = "Summary"><table name="" hasTotal="0">
<keys size="8">, min, max, min, max, min, max, Type</keys>
<column name="">6, 6, 60.000 ns, 60.000 ns, 6, 6, no</column>
</table>
</item>
<item name = "Detail">
<section name = "" level="1">
<item name = "Instance"><table name="" hasTotal="0">
<keys size="9">Instance, Module, min, max, min, max, min, max, Type</keys>
</table>
</item>
<item name = "Loop"><table name="" hasTotal="0">
<keys size="8">Loop Name, min, max, Latency, achieved, target, Count, Pipelined</keys>
<column name="- Loop 1">4, 4, 1, 1, 1, 4, yes</column>
</table>
</item>
</section>
</item>
</section>
</item>
</section>

<section name = "Utilization Estimates" level="0">
<item name = "Summary"><table name="" hasTotal="1">
<keys size="6">Name, BRAM_18K, DSP, FF, LUT, URAM</keys>
<column name="DSP">-, -, -, -, -</column>
<column name="Expression">-, -, 0, 20, -</column>
<column name="FIFO">-, -, -, -, -</column>
<column name="Instance">-, -, -, -, -</column>
<column name="Memory">-, -, -, -, -</column>
<column name="Multiplexer">-, -, -, 27, -</column>
<column name="Register">-, -, 5, -, -</column>
<specialColumn name="Available">240, 160, 128000, 64000, 0</specialColumn>
<specialColumn name="Utilization (%)">0, 0, ~0, ~0, 0</specialColumn>
</table>
</item>
<item name = "Detail">
<section name = "" level="1">
<item name = "Instance"><table name="" hasTotal="1">
<keys size="7">Instance, Module, BRAM_18K, DSP, FF, LUT, URAM</keys>
</table>
</item>
<item name = "DSP"><table name="" hasTotal="0">
<keys size="3">Instance, Module, Expression</keys>
</table>
</item>
<item name = "Memory"><table name="" hasTotal="1">
<keys size="10">Memory, Module, BRAM_18K, FF, LUT, URAM, Words, Bits, Banks, W*Bits*Banks</keys>
</table>
</item>
<item name = "FIFO"><table name="" hasTotal="1">
<keys size="8">Name, BRAM_18K, FF, LUT, URAM, Depth, Bits, Size:D*B</keys>
</table>
</item>
<item name = "Expression"><table name="" hasTotal="1">
<keys size="7">Variable Name, Operation, DSP, FF, LUT, Bitwidth P0, Bitwidth P1</keys>
<column name="empty_26_fu_56_p2">+, 0, 0, 11, 3, 1</column>
<column name="exitcond18710_fu_50_p2">icmp, 0, 0, 9, 3, 4</column>
</table>
</item>
<item name = "Multiplexer"><table name="" hasTotal="1">
<keys size="5">Name, LUT, Input Size, Bits, Total Bits</keys>
<column name="ap_done_int">9, 2, 1, 2</column>
<column name="ap_sig_allocacmp_p_load">9, 2, 3, 6</column>
<column name="empty_fu_24">9, 2, 3, 6</column>
</table>
</item>
<item name = "Register"><table name="" hasTotal="1">
<keys size="5">Name, FF, LUT, Bits, Const Bits</keys>
<column name="ap_CS_fsm">1, 0, 1, 0</column>
<column name="ap_done_reg">1, 0, 1, 0</column>
<column name="empty_fu_24">3, 0, 3, 0</column>
</table>
</item>
</section>
</item>
</section>

<section name = "Interface" level="0">
<item name = "Summary"><table name="" hasTotal="0">
<keys size="6">RTL Ports, Dir, Bits, Protocol, Source Object, C Type</keys>
<column name="ap_clk">in, 1, ap_ctrl_hs, ff_monitor_gen_Pipeline_1, return value</column>
<column name="ap_rst">in, 1, ap_ctrl_hs, ff_monitor_gen_Pipeline_1, return value</column>
<column name="ap_start">in, 1, ap_ctrl_hs, ff_monitor_gen_Pipeline_1, return value</column>
<column name="ap_done">out, 1, ap_ctrl_hs, ff_monitor_gen_Pipeline_1, return value</column>
<column name="ap_idle">out, 1, ap_ctrl_hs, ff_monitor_gen_Pipeline_1, return value</column>
<column name="ap_ready">out, 1, ap_ctrl_hs, ff_monitor_gen_Pipeline_1, return value</column>
<column name="line_r_address0">out, 2, ap_memory, line_r, array</column>
<column name="line_r_ce0">out, 1, ap_memory, line_r, array</column>
<column name="line_r_we0">out, 1, ap_memory, line_r, array</column>
<column name="line_r_d0">out, 32, ap_memory, line_r, array</column>
</table>
</item>
</section>
</profile>
