<profile>

<section name = "Vitis HLS Report for 'ff_monitor_gen_Pipeline_row_loop_column_loop'" level="0">
<item name = "Date">Thu Nov 17 23:26:42 2022
</item>
<item name = "Version">2022.2 (Build 3670227 on Oct 13 2022)</item>
<item name = "Project">ff_monitor</item>
<item name = "Solution">solution1 (Vivado IP Flow Target)</item>
<item name = "Product family">spartan7</item>
<item name = "Target device">xc7s100-fgga676-2</item>
</section>

<section name = "Performance Estimates" level="0">
<item name = "Timing">
<section name = "" level="1">
<item name = "Summary"><table name="" hasTotal="0">
<keys size="4">Clock, Target, Estimated, Uncertainty</keys>
<column name="ap_clk">10.00 ns, 7.938 ns, 2.70 ns</column>
</table>
</item>
</section>
</item>
<item name = "Latency">
<section name = "" level="1">
<item name = "Summary"><table name="" hasTotal="0">
<keys size="8">, min, max, min, max, min, max, Type</keys>
<column name="">?, ?, ?, ?, ?, ?, no</column>
</table>
</item>
<item name = "Detail">
<section name = "" level="1">
<item name = "Instance"><table name="" hasTotal="0">
<keys size="9">Instance, Module, min, max, min, max, min, max, Type</keys>
</table>
</item>
<item name = "Loop"><table name="" hasTotal="0">
<keys size="8">Loop Name, min, max, Latency, achieved, target, Count, Pipelined</keys>
<column name="- row_loop_column_loop">?, ?, 6, 4, 1, ?, yes</column>
</table>
</item>
</section>
</item>
</section>
</item>
</section>

<section name = "Utilization Estimates" level="0">
<item name = "Summary"><table name="" hasTotal="1">
<keys size="6">Name, BRAM_18K, DSP, FF, LUT, URAM</keys>
<column name="DSP">-, -, -, -, -</column>
<column name="Expression">-, -, 0, 1334, -</column>
<column name="FIFO">-, -, -, -, -</column>
<column name="Instance">-, -, -, -, -</column>
<column name="Memory">10, -, 0, 0, -</column>
<column name="Multiplexer">-, -, -, 577, -</column>
<column name="Register">-, -, 395, -, -</column>
<specialColumn name="Available">240, 160, 128000, 64000, 0</specialColumn>
<specialColumn name="Utilization (%)">4, 0, ~0, 2, 0</specialColumn>
</table>
</item>
<item name = "Detail">
<section name = "" level="1">
<item name = "Instance"><table name="" hasTotal="1">
<keys size="7">Instance, Module, BRAM_18K, DSP, FF, LUT, URAM</keys>
</table>
</item>
<item name = "DSP"><table name="" hasTotal="0">
<keys size="3">Instance, Module, Expression</keys>
</table>
</item>
<item name = "Memory"><table name="" hasTotal="1">
<keys size="10">Memory, Module, BRAM_18K, FF, LUT, URAM, Words, Bits, Banks, W*Bits*Banks</keys>
<column name="display_0_1_U">ff_monitor_gen_Pipeline_row_loop_column_loop_display_0_1_ROM_AUTO_1R, 1, 0, 0, 0, 110, 25, 1, 2750</column>
<column name="display_1_1_U">ff_monitor_gen_Pipeline_row_loop_column_loop_display_1_1_ROM_AUTO_1R, 1, 0, 0, 0, 110, 25, 1, 2750</column>
<column name="display_2_1_U">ff_monitor_gen_Pipeline_row_loop_column_loop_display_2_1_ROM_AUTO_1R, 1, 0, 0, 0, 110, 25, 1, 2750</column>
<column name="display_3_1_U">ff_monitor_gen_Pipeline_row_loop_column_loop_display_3_1_ROM_AUTO_1R, 1, 0, 0, 0, 110, 25, 1, 2750</column>
<column name="display_4_1_U">ff_monitor_gen_Pipeline_row_loop_column_loop_display_4_1_ROM_AUTO_1R, 1, 0, 0, 0, 110, 25, 1, 2750</column>
<column name="display_5_1_U">ff_monitor_gen_Pipeline_row_loop_column_loop_display_5_1_ROM_AUTO_1R, 1, 0, 0, 0, 110, 25, 1, 2750</column>
<column name="display_6_1_U">ff_monitor_gen_Pipeline_row_loop_column_loop_display_6_1_ROM_AUTO_1R, 1, 0, 0, 0, 110, 25, 1, 2750</column>
<column name="display_7_1_U">ff_monitor_gen_Pipeline_row_loop_column_loop_display_7_1_ROM_AUTO_1R, 1, 0, 0, 0, 110, 25, 1, 2750</column>
<column name="display_8_1_U">ff_monitor_gen_Pipeline_row_loop_column_loop_display_8_1_ROM_AUTO_1R, 1, 0, 0, 0, 110, 25, 1, 2750</column>
<column name="display_9_1_U">ff_monitor_gen_Pipeline_row_loop_column_loop_display_9_1_ROM_AUTO_1R, 1, 0, 0, 0, 110, 25, 1, 2750</column>
</table>
</item>
<item name = "FIFO"><table name="" hasTotal="1">
<keys size="8">Name, BRAM_18K, FF, LUT, URAM, Depth, Bits, Size:D*B</keys>
</table>
</item>
<item name = "Expression"><table name="" hasTotal="1">
<keys size="7">Variable Name, Operation, DSP, FF, LUT, Bitwidth P0, Bitwidth P1</keys>
<column name="add_ln131_fu_1467_p2">+, 0, 0, 71, 64, 1</column>
<column name="add_ln160_fu_1126_p2">+, 0, 0, 39, 32, 5</column>
<column name="add_ln37_1_fu_1448_p2">+, 0, 0, 7, 7, 7</column>
<column name="add_ln37_fu_1438_p2">+, 0, 0, 7, 7, 7</column>
<column name="add_ln67_fu_1527_p2">+, 0, 0, 39, 32, 1</column>
<column name="add_ln70_fu_1520_p2">+, 0, 0, 39, 32, 1</column>
<column name="add_ln75_fu_1514_p2">+, 0, 0, 39, 32, 1</column>
<column name="add_ln79_fu_1460_p2">+, 0, 0, 39, 32, 1</column>
<column name="x_3_fu_1533_p2">+, 0, 0, 38, 31, 1</column>
<column name="y_0_off7_fu_980_p2">+, 0, 0, 39, 32, 9</column>
<column name="y_0_off7_mid1_fu_1076_p2">+, 0, 0, 39, 32, 9</column>
<column name="y_0_off_fu_936_p2">+, 0, 0, 39, 32, 5</column>
<column name="y_0_off_mid1_fu_1024_p2">+, 0, 0, 39, 32, 5</column>
<column name="y_3_fu_1006_p2">+, 0, 0, 38, 31, 1</column>
<column name="and532_fu_968_p2">and, 0, 0, 2, 1, 1</column>
<column name="and532_mid1_fu_1056_p2">and, 0, 0, 2, 1, 1</column>
<column name="and_ln146_fu_1165_p2">and, 0, 0, 2, 1, 1</column>
<column name="and_ln164_fu_1153_p2">and, 0, 0, 2, 1, 1</column>
<column name="and_ln171_1_fu_1208_p2">and, 0, 0, 2, 1, 1</column>
<column name="and_ln171_2_fu_1224_p2">and, 0, 0, 2, 1, 1</column>
<column name="and_ln171_3_fu_1240_p2">and, 0, 0, 2, 1, 1</column>
<column name="and_ln171_4_fu_1256_p2">and, 0, 0, 2, 1, 1</column>
<column name="and_ln171_5_fu_1272_p2">and, 0, 0, 2, 1, 1</column>
<column name="and_ln171_6_fu_1288_p2">and, 0, 0, 2, 1, 1</column>
<column name="and_ln171_7_fu_1304_p2">and, 0, 0, 2, 1, 1</column>
<column name="and_ln171_fu_1192_p2">and, 0, 0, 2, 1, 1</column>
<column name="and_ln63_fu_1496_p2">and, 0, 0, 2, 1, 1</column>
<column name="and_ln69_fu_1508_p2">and, 0, 0, 2, 1, 1</column>
<column name="ap_block_pp0_stage2_01001">and, 0, 0, 2, 1, 1</column>
<column name="ap_block_pp0_stage2_11001">and, 0, 0, 2, 1, 1</column>
<column name="ap_block_state7_io">and, 0, 0, 2, 1, 1</column>
<column name="ap_condition_1558">and, 0, 0, 2, 1, 1</column>
<column name="ap_condition_1563">and, 0, 0, 2, 1, 1</column>
<column name="ap_condition_1569">and, 0, 0, 2, 1, 1</column>
<column name="ap_condition_1576">and, 0, 0, 2, 1, 1</column>
<column name="ap_condition_1584">and, 0, 0, 2, 1, 1</column>
<column name="ap_condition_1593">and, 0, 0, 2, 1, 1</column>
<column name="ap_condition_329">and, 0, 0, 2, 1, 1</column>
<column name="cmp48_fu_958_p2">icmp, 0, 0, 18, 32, 32</column>
<column name="cmp48_mid1_fu_1046_p2">icmp, 0, 0, 18, 32, 32</column>
<column name="cmp51_fu_963_p2">icmp, 0, 0, 18, 32, 32</column>
<column name="cmp51_mid1_fu_1051_p2">icmp, 0, 0, 18, 32, 32</column>
<column name="grp_fu_904_p2">icmp, 0, 0, 18, 32, 32</column>
<column name="icmp27_fu_1040_p2">icmp, 0, 0, 17, 30, 1</column>
<column name="icmp_fu_952_p2">icmp, 0, 0, 17, 30, 1</column>
<column name="icmp_ln131_fu_1001_p2">icmp, 0, 0, 29, 64, 64</column>
<column name="icmp_ln133_fu_996_p2">icmp, 0, 0, 18, 32, 32</column>
<column name="icmp_ln134_fu_1115_p2">icmp, 0, 0, 17, 31, 1</column>
<column name="icmp_ln138_fu_1121_p2">icmp, 0, 0, 18, 32, 32</column>
<column name="icmp_ln146_fu_1159_p2">icmp, 0, 0, 17, 31, 4</column>
<column name="icmp_ln160_fu_1142_p2">icmp, 0, 0, 17, 30, 1</column>
<column name="icmp_ln164_fu_1148_p2">icmp, 0, 0, 18, 32, 32</column>
<column name="icmp_ln171_10_fu_1219_p2">icmp, 0, 0, 17, 31, 8</column>
<column name="icmp_ln171_11_fu_1235_p2">icmp, 0, 0, 17, 31, 9</column>
<column name="icmp_ln171_12_fu_1251_p2">icmp, 0, 0, 17, 31, 9</column>
<column name="icmp_ln171_13_fu_1267_p2">icmp, 0, 0, 17, 31, 9</column>
<column name="icmp_ln171_14_fu_1283_p2">icmp, 0, 0, 17, 31, 9</column>
<column name="icmp_ln171_15_fu_1299_p2">icmp, 0, 0, 17, 31, 9</column>
<column name="icmp_ln171_1_fu_1187_p2">icmp, 0, 0, 17, 31, 8</column>
<column name="icmp_ln171_2_fu_1214_p2">icmp, 0, 0, 17, 31, 8</column>
<column name="icmp_ln171_3_fu_1230_p2">icmp, 0, 0, 17, 31, 8</column>
<column name="icmp_ln171_4_fu_1246_p2">icmp, 0, 0, 17, 31, 9</column>
<column name="icmp_ln171_5_fu_1262_p2">icmp, 0, 0, 17, 31, 9</column>
<column name="icmp_ln171_6_fu_1278_p2">icmp, 0, 0, 17, 31, 9</column>
<column name="icmp_ln171_7_fu_1294_p2">icmp, 0, 0, 17, 31, 9</column>
<column name="icmp_ln171_8_fu_1198_p2">icmp, 0, 0, 17, 31, 8</column>
<column name="icmp_ln171_9_fu_1203_p2">icmp, 0, 0, 17, 31, 8</column>
<column name="icmp_ln171_fu_1182_p2">icmp, 0, 0, 17, 31, 8</column>
<column name="icmp_ln62_fu_1454_p2">icmp, 0, 0, 18, 32, 3</column>
<column name="icmp_ln63_1_fu_1490_p2">icmp, 0, 0, 18, 32, 2</column>
<column name="icmp_ln63_fu_1485_p2">icmp, 0, 0, 18, 32, 3</column>
<column name="icmp_ln69_fu_1502_p2">icmp, 0, 0, 18, 32, 2</column>
<column name="p_not_fu_986_p2">icmp, 0, 0, 18, 32, 6</column>
<column name="p_not_mid1_fu_1082_p2">icmp, 0, 0, 18, 32, 6</column>
<column name="or3_fu_974_p2">or, 0, 0, 2, 1, 1</column>
<column name="or3_mid1_fu_1062_p2">or, 0, 0, 2, 1, 1</column>
<column name="or_ln134_fu_1109_p2">or, 0, 0, 31, 31, 31</column>
<column name="or_ln164_fu_1171_p2">or, 0, 0, 2, 1, 1</column>
<column name="select_ln131_1_fu_1068_p3">select, 0, 0, 2, 1, 1</column>
<column name="select_ln131_2_fu_1088_p3">select, 0, 0, 2, 1, 1</column>
<column name="select_ln131_3_fu_1101_p3">select, 0, 0, 31, 1, 31</column>
<column name="select_ln131_fu_1012_p3">select, 0, 0, 31, 1, 31</column>
<column name="select_ln164_fu_1175_p3">select, 0, 0, 31, 1, 31</column>
<column name="ap_enable_pp0">xor, 0, 0, 2, 1, 2</column>
</table>
</item>
<item name = "Multiplexer"><table name="" hasTotal="1">
<keys size="5">Name, LUT, Input Size, Bits, Total Bits</keys>
<column name="ap_NS_fsm">27, 5, 1, 5</column>
<column name="ap_done_int">9, 2, 1, 2</column>
<column name="ap_enable_reg_pp0_iter0">9, 2, 1, 2</column>
<column name="ap_enable_reg_pp0_iter1">9, 2, 1, 2</column>
<column name="ap_loop_exit_ready_pp0_iter1_reg">9, 2, 1, 2</column>
<column name="ap_phi_mux_count_pixel_assign_2_phi_fu_847_p4">15, 3, 32, 96</column>
<column name="ap_phi_mux_hud_int_data_V_12_phi_fu_869_p22">49, 11, 25, 275</column>
<column name="ap_phi_mux_i_1_lcssa3_phi_fu_818_p16">42, 9, 3, 27</column>
<column name="ap_phi_mux_storemerge_phi_fu_858_p4">15, 3, 32, 96</column>
<column name="count_line_address0">33, 6, 2, 12</column>
<column name="count_line_address1">33, 6, 2, 12</column>
<column name="count_line_d0">15, 3, 32, 96</column>
<column name="count_pixel_address0">33, 6, 2, 12</column>
<column name="count_pixel_address1">33, 6, 2, 12</column>
<column name="count_pixel_d1">15, 3, 32, 96</column>
<column name="hud_int_data_V_fu_226">33, 6, 31, 186</column>
<column name="indvar_flatten_fu_222">9, 2, 64, 128</column>
<column name="line_r_address0">33, 6, 2, 12</column>
<column name="line_r_address1">33, 6, 2, 12</column>
<column name="line_r_d0">15, 3, 32, 96</column>
<column name="op_TDATA_blk_n">9, 2, 1, 2</column>
<column name="pixel_address0">33, 6, 2, 12</column>
<column name="pixel_address1">33, 6, 2, 12</column>
<column name="pixel_d0">15, 3, 32, 96</column>
<column name="x_fu_214">9, 2, 31, 62</column>
<column name="y_fu_218">9, 2, 31, 62</column>
</table>
</item>
<item name = "Register"><table name="" hasTotal="1">
<keys size="5">Name, FF, LUT, Bits, Const Bits</keys>
<column name="add_ln37_1_reg_1816">7, 0, 7, 0</column>
<column name="and_ln146_reg_1732">1, 0, 1, 0</column>
<column name="and_ln164_reg_1726">1, 0, 1, 0</column>
<column name="and_ln171_1_reg_1744">1, 0, 1, 0</column>
<column name="and_ln171_2_reg_1748">1, 0, 1, 0</column>
<column name="and_ln171_3_reg_1752">1, 0, 1, 0</column>
<column name="and_ln171_4_reg_1756">1, 0, 1, 0</column>
<column name="and_ln171_5_reg_1760">1, 0, 1, 0</column>
<column name="and_ln171_6_reg_1764">1, 0, 1, 0</column>
<column name="and_ln171_7_reg_1768">1, 0, 1, 0</column>
<column name="and_ln171_reg_1740">1, 0, 1, 0</column>
<column name="ap_CS_fsm">4, 0, 4, 0</column>
<column name="ap_done_reg">1, 0, 1, 0</column>
<column name="ap_enable_reg_pp0_iter0_reg">1, 0, 1, 0</column>
<column name="ap_enable_reg_pp0_iter1">1, 0, 1, 0</column>
<column name="ap_loop_exit_ready_pp0_iter1_reg">1, 0, 1, 0</column>
<column name="count_line_addr_8_reg_1795">2, 0, 2, 0</column>
<column name="count_pixel_addr_2_reg_1789">2, 0, 2, 0</column>
<column name="digit_reg_1812">4, 0, 4, 0</column>
<column name="hud_int_data_V_fu_226">31, 0, 32, 1</column>
<column name="hud_int_last_V_fu_230">1, 0, 1, 0</column>
<column name="hud_int_user_V_fu_234">1, 0, 1, 0</column>
<column name="icmp_ln131_reg_1675">1, 0, 1, 0</column>
<column name="icmp_ln131_reg_1675_pp0_iter1_reg">1, 0, 1, 0</column>
<column name="icmp_ln134_reg_1714">1, 0, 1, 0</column>
<column name="icmp_ln138_reg_1718">1, 0, 1, 0</column>
<column name="icmp_ln160_reg_1722">1, 0, 1, 0</column>
<column name="icmp_ln62_reg_1821">1, 0, 1, 0</column>
<column name="indvar_flatten_fu_222">64, 0, 64, 0</column>
<column name="indvar_flatten_load_reg_1670">64, 0, 64, 0</column>
<column name="line_1_reg_1801">32, 0, 32, 0</column>
<column name="line_addr_8_reg_1772">2, 0, 2, 0</column>
<column name="or_ln164_reg_1736">1, 0, 1, 0</column>
<column name="pixel_1_reg_1806">32, 0, 32, 0</column>
<column name="pixel_addr_8_reg_1778">2, 0, 2, 0</column>
<column name="select_ln131_1_reg_1700">1, 0, 1, 0</column>
<column name="select_ln131_2_reg_1704">1, 0, 1, 0</column>
<column name="select_ln131_3_reg_1709">31, 0, 31, 0</column>
<column name="select_ln131_reg_1679">31, 0, 31, 0</column>
<column name="x_fu_214">31, 0, 31, 0</column>
<column name="y_fu_218">31, 0, 31, 0</column>
</table>
</item>
</section>
</item>
</section>

<section name = "Interface" level="0">
<item name = "Summary"><table name="" hasTotal="0">
<keys size="6">RTL Ports, Dir, Bits, Protocol, Source Object, C Type</keys>
<column name="ap_clk">in, 1, ap_ctrl_hs, ff_monitor_gen_Pipeline_row_loop_column_loop, return value</column>
<column name="ap_rst">in, 1, ap_ctrl_hs, ff_monitor_gen_Pipeline_row_loop_column_loop, return value</column>
<column name="ap_start">in, 1, ap_ctrl_hs, ff_monitor_gen_Pipeline_row_loop_column_loop, return value</column>
<column name="ap_done">out, 1, ap_ctrl_hs, ff_monitor_gen_Pipeline_row_loop_column_loop, return value</column>
<column name="ap_idle">out, 1, ap_ctrl_hs, ff_monitor_gen_Pipeline_row_loop_column_loop, return value</column>
<column name="ap_ready">out, 1, ap_ctrl_hs, ff_monitor_gen_Pipeline_row_loop_column_loop, return value</column>
<column name="pixel_address0">out, 2, ap_memory, pixel, array</column>
<column name="pixel_ce0">out, 1, ap_memory, pixel, array</column>
<column name="pixel_we0">out, 1, ap_memory, pixel, array</column>
<column name="pixel_d0">out, 32, ap_memory, pixel, array</column>
<column name="pixel_address1">out, 2, ap_memory, pixel, array</column>
<column name="pixel_ce1">out, 1, ap_memory, pixel, array</column>
<column name="pixel_we1">out, 1, ap_memory, pixel, array</column>
<column name="pixel_d1">out, 32, ap_memory, pixel, array</column>
<column name="pixel_q1">in, 32, ap_memory, pixel, array</column>
<column name="count_pixel_address0">out, 2, ap_memory, count_pixel, array</column>
<column name="count_pixel_ce0">out, 1, ap_memory, count_pixel, array</column>
<column name="count_pixel_we0">out, 1, ap_memory, count_pixel, array</column>
<column name="count_pixel_d0">out, 32, ap_memory, count_pixel, array</column>
<column name="count_pixel_q0">in, 32, ap_memory, count_pixel, array</column>
<column name="count_pixel_address1">out, 2, ap_memory, count_pixel, array</column>
<column name="count_pixel_ce1">out, 1, ap_memory, count_pixel, array</column>
<column name="count_pixel_we1">out, 1, ap_memory, count_pixel, array</column>
<column name="count_pixel_d1">out, 32, ap_memory, count_pixel, array</column>
<column name="count_line_address0">out, 2, ap_memory, count_line, array</column>
<column name="count_line_ce0">out, 1, ap_memory, count_line, array</column>
<column name="count_line_we0">out, 1, ap_memory, count_line, array</column>
<column name="count_line_d0">out, 32, ap_memory, count_line, array</column>
<column name="count_line_address1">out, 2, ap_memory, count_line, array</column>
<column name="count_line_ce1">out, 1, ap_memory, count_line, array</column>
<column name="count_line_we1">out, 1, ap_memory, count_line, array</column>
<column name="count_line_d1">out, 32, ap_memory, count_line, array</column>
<column name="count_line_q1">in, 32, ap_memory, count_line, array</column>
<column name="line_r_address0">out, 2, ap_memory, line_r, array</column>
<column name="line_r_ce0">out, 1, ap_memory, line_r, array</column>
<column name="line_r_we0">out, 1, ap_memory, line_r, array</column>
<column name="line_r_d0">out, 32, ap_memory, line_r, array</column>
<column name="line_r_address1">out, 2, ap_memory, line_r, array</column>
<column name="line_r_ce1">out, 1, ap_memory, line_r, array</column>
<column name="line_r_we1">out, 1, ap_memory, line_r, array</column>
<column name="line_r_d1">out, 32, ap_memory, line_r, array</column>
<column name="line_r_q1">in, 32, ap_memory, line_r, array</column>
<column name="sub47">in, 32, ap_none, sub47, scalar</column>
<column name="sub50">in, 32, ap_none, sub50, scalar</column>
<column name="column">in, 32, ap_none, column, scalar</column>
<column name="bound">in, 64, ap_none, bound, scalar</column>
<column name="op_TDATA">out, 32, axis, op_V_data_V, pointer</column>
<column name="op_TREADY">in, 1, axis, op_V_data_V, pointer</column>
<column name="op_TVALID">out, 1, axis, op_V_dest_V, pointer</column>
<column name="op_TDEST">out, 1, axis, op_V_dest_V, pointer</column>
<column name="op_TKEEP">out, 4, axis, op_V_keep_V, pointer</column>
<column name="op_TSTRB">out, 4, axis, op_V_strb_V, pointer</column>
<column name="op_TUSER">out, 1, axis, op_V_user_V, pointer</column>
<column name="op_TLAST">out, 1, axis, op_V_last_V, pointer</column>
<column name="op_TID">out, 1, axis, op_V_id_V, pointer</column>
<column name="sub">in, 32, ap_none, sub, scalar</column>
<column name="sub57">in, 32, ap_none, sub57, scalar</column>
<column name="sub88">in, 32, ap_none, sub88, scalar</column>
<column name="digits_address0">out, 3, ap_memory, digits, array</column>
<column name="digits_ce0">out, 1, ap_memory, digits, array</column>
<column name="digits_q0">in, 4, ap_memory, digits, array</column>
</table>
</item>
</section>
</profile>
