<profile>

<section name = "Vitis HLS Report for 'ff_monitor_gen'" level="0">
<item name = "Date">Thu Nov 17 23:26:41 2022
</item>
<item name = "Version">2022.2 (Build 3670227 on Oct 13 2022)</item>
<item name = "Project">ff_monitor</item>
<item name = "Solution">solution1 (Vivado IP Flow Target)</item>
<item name = "Product family">spartan7</item>
<item name = "Target device">xc7s100-fgga676-2</item>
</section>

<section name = "Performance Estimates" level="0">
<item name = "Timing">
<section name = "" level="1">
<item name = "Summary"><table name="" hasTotal="0">
<keys size="4">Clock, Target, Estimated, Uncertainty</keys>
<column name="ap_clk">10.00 ns, 7.938 ns, 2.70 ns</column>
</table>
</item>
</section>
</item>
<item name = "Latency">
<section name = "" level="1">
<item name = "Summary"><table name="" hasTotal="0">
<keys size="8">, min, max, min, max, min, max, Type</keys>
<column name="">?, ?, ?, ?, ?, ?, no</column>
</table>
</item>
<item name = "Detail">
<section name = "" level="1">
<item name = "Instance"><table name="" hasTotal="0">
<keys size="9">Instance, Module, min, max, min, max, min, max, Type</keys>
<column name="grp_ff_monitor_gen_Pipeline_1_fu_265">ff_monitor_gen_Pipeline_1, 6, 6, 60.000 ns, 60.000 ns, 6, 6, no</column>
<column name="grp_ff_monitor_gen_Pipeline_2_fu_271">ff_monitor_gen_Pipeline_2, 6, 6, 60.000 ns, 60.000 ns, 6, 6, no</column>
<column name="grp_ff_monitor_gen_Pipeline_3_fu_277">ff_monitor_gen_Pipeline_3, 6, 6, 60.000 ns, 60.000 ns, 6, 6, no</column>
<column name="grp_ff_monitor_gen_Pipeline_4_fu_283">ff_monitor_gen_Pipeline_4, 6, 6, 60.000 ns, 60.000 ns, 6, 6, no</column>
<column name="grp_ff_monitor_gen_Pipeline_row_loop_column_loop_fu_289">ff_monitor_gen_Pipeline_row_loop_column_loop, ?, ?, ?, ?, ?, ?, no</column>
</table>
</item>
<item name = "Loop"><table name="" hasTotal="0">
<keys size="8">Loop Name, min, max, Latency, achieved, target, Count, Pipelined</keys>
</table>
</item>
</section>
</item>
</section>
</item>
</section>
</profile>
