<stg><name>ff_monitor_gen</name>


<trans_list>

<trans id="89" from="1" to="2">
<condition id="-1">
<or_exp><and_exp></and_exp></or_exp>
</condition>
</trans>

<trans id="90" from="2" to="3">
<condition id="-1">
<or_exp><and_exp></and_exp></or_exp>
</condition>
</trans>

<trans id="91" from="3" to="4">
<condition id="-1">
<or_exp><and_exp></and_exp></or_exp>
</condition>
</trans>

<trans id="92" from="4" to="5">
<condition id="-1">
<or_exp><and_exp></and_exp></or_exp>
</condition>
</trans>

<trans id="93" from="5" to="6">
<condition id="-1">
<or_exp><and_exp></and_exp></or_exp>
</condition>
</trans>

<trans id="94" from="6" to="7">
<condition id="-1">
<or_exp><and_exp></and_exp></or_exp>
</condition>
</trans>
</trans_list>



<state_list>

<state id="1" st_id="1">

<operation id="8" st_id="1" stage="1" lat="1">
<core>s_axilite</core>
<MemPortIdVec></MemPortIdVec>
<condition id="-1">
<or_exp><and_exp></and_exp></or_exp>
</condition>

<Node id="52" bw="32" op_0_bw="32" op_1_bw="32">
<![CDATA[
entry:28 %char_1_read = read i32 @_ssdm_op_Read.s_axilite.i32, i32 %char_1

]]></Node>
<StgValue><ssdm name="char_1_read"/></StgValue>
</operation>

<operation id="9" st_id="1" stage="1" lat="1">
<core>s_axilite</core>
<MemPortIdVec></MemPortIdVec>
<condition id="-1">
<or_exp><and_exp></and_exp></or_exp>
</condition>

<Node id="53" bw="32" op_0_bw="32" op_1_bw="32">
<![CDATA[
entry:29 %column_read = read i32 @_ssdm_op_Read.s_axilite.i32, i32 %column

]]></Node>
<StgValue><ssdm name="column_read"/></StgValue>
</operation>

<operation id="10" st_id="1" stage="1" lat="1">
<core>s_axilite</core>
<MemPortIdVec></MemPortIdVec>
<condition id="-1">
<or_exp><and_exp></and_exp></or_exp>
</condition>

<Node id="54" bw="32" op_0_bw="32" op_1_bw="32">
<![CDATA[
entry:30 %row_read = read i32 @_ssdm_op_Read.s_axilite.i32, i32 %row

]]></Node>
<StgValue><ssdm name="row_read"/></StgValue>
</operation>

<operation id="11" st_id="1" stage="1" lat="1">
<core>RAM</core>
<MemPortIdVec></MemPortIdVec>
<condition id="-1">
<or_exp><and_exp></and_exp></or_exp>
</condition>

<Node id="55" bw="4" op_0_bw="64">
<![CDATA[
entry:31 %digits = alloca i64 1

]]></Node>
<StgValue><ssdm name="digits"/></StgValue>
</operation>

<operation id="12" st_id="1" stage="1" lat="1">
<core>NULL</core>
<MemPortIdVec></MemPortIdVec>
<condition id="-1">
<or_exp><and_exp></and_exp></or_exp>
</condition>

<Node id="56" bw="32" op_0_bw="64">
<![CDATA[
entry:32 %line = alloca i64 1

]]></Node>
<StgValue><ssdm name="line"/></StgValue>
</operation>

<operation id="13" st_id="1" stage="1" lat="1">
<core>NULL</core>
<MemPortIdVec></MemPortIdVec>
<condition id="-1">
<or_exp><and_exp></and_exp></or_exp>
</condition>

<Node id="57" bw="32" op_0_bw="64">
<![CDATA[
entry:33 %pixel = alloca i64 1

]]></Node>
<StgValue><ssdm name="pixel"/></StgValue>
</operation>

<operation id="14" st_id="1" stage="1" lat="1">
<core>NULL</core>
<MemPortIdVec></MemPortIdVec>
<condition id="-1">
<or_exp><and_exp></and_exp></or_exp>
</condition>

<Node id="58" bw="32" op_0_bw="64">
<![CDATA[
entry:34 %count_line = alloca i64 1

]]></Node>
<StgValue><ssdm name="count_line"/></StgValue>
</operation>

<operation id="15" st_id="1" stage="1" lat="1">
<core>NULL</core>
<MemPortIdVec></MemPortIdVec>
<condition id="-1">
<or_exp><and_exp></and_exp></or_exp>
</condition>

<Node id="59" bw="32" op_0_bw="64">
<![CDATA[
entry:35 %count_pixel = alloca i64 1

]]></Node>
<StgValue><ssdm name="count_pixel"/></StgValue>
</operation>

<operation id="16" st_id="1" stage="1" lat="1">
<core>NULL</core>
<MemPortIdVec></MemPortIdVec>
<condition id="-1">
<or_exp><and_exp></and_exp></or_exp>
</condition>

<Node id="60" bw="4" op_0_bw="4" op_1_bw="32" op_2_bw="32" op_3_bw="32">
<![CDATA[
entry:36 %trunc_ln = partselect i4 @_ssdm_op_PartSelect.i4.i32.i32.i32, i32 %char_1_read, i32 28, i32 31

]]></Node>
<StgValue><ssdm name="trunc_ln"/></StgValue>
</operation>

<operation id="17" st_id="1" stage="1" lat="1">
<core>NULL</core>
<MemPortIdVec></MemPortIdVec>
<condition id="-1">
<or_exp><and_exp></and_exp></or_exp>
</condition>

<Node id="61" bw="3" op_0_bw="4" op_1_bw="64" op_2_bw="64">
<![CDATA[
entry:37 %digits_addr = getelementptr i4 %digits, i64 0, i64 0

]]></Node>
<StgValue><ssdm name="digits_addr"/></StgValue>
</operation>

<operation id="18" st_id="1" stage="1" lat="1">
<core>RAM</core>
<MemPortIdVec></MemPortIdVec>
<condition id="-1">
<or_exp><and_exp></and_exp></or_exp>
</condition>

<Node id="62" bw="0" op_0_bw="4" op_1_bw="3">
<![CDATA[
entry:38 %store_ln103 = store i4 %trunc_ln, i3 %digits_addr

]]></Node>
<StgValue><ssdm name="store_ln103"/></StgValue>
</operation>

<operation id="19" st_id="1" stage="1" lat="1">
<core>NULL</core>
<MemPortIdVec></MemPortIdVec>
<condition id="-1">
<or_exp><and_exp></and_exp></or_exp>
</condition>

<Node id="63" bw="4" op_0_bw="4" op_1_bw="32" op_2_bw="32" op_3_bw="32">
<![CDATA[
entry:39 %trunc_ln1 = partselect i4 @_ssdm_op_PartSelect.i4.i32.i32.i32, i32 %char_1_read, i32 24, i32 27

]]></Node>
<StgValue><ssdm name="trunc_ln1"/></StgValue>
</operation>

<operation id="20" st_id="1" stage="1" lat="1">
<core>NULL</core>
<MemPortIdVec></MemPortIdVec>
<condition id="-1">
<or_exp><and_exp></and_exp></or_exp>
</condition>

<Node id="64" bw="3" op_0_bw="4" op_1_bw="64" op_2_bw="64">
<![CDATA[
entry:40 %digits_addr_1 = getelementptr i4 %digits, i64 0, i64 1

]]></Node>
<StgValue><ssdm name="digits_addr_1"/></StgValue>
</operation>

<operation id="21" st_id="1" stage="1" lat="1">
<core>RAM</core>
<MemPortIdVec></MemPortIdVec>
<condition id="-1">
<or_exp><and_exp></and_exp></or_exp>
</condition>

<Node id="65" bw="0" op_0_bw="4" op_1_bw="3">
<![CDATA[
entry:41 %store_ln104 = store i4 %trunc_ln1, i3 %digits_addr_1

]]></Node>
<StgValue><ssdm name="store_ln104"/></StgValue>
</operation>

<operation id="22" st_id="1" stage="1" lat="1">
<core>NULL</core>
<MemPortIdVec></MemPortIdVec>
<condition id="-1">
<or_exp><and_exp></and_exp></or_exp>
</condition>

<Node id="66" bw="4" op_0_bw="4" op_1_bw="32" op_2_bw="32" op_3_bw="32">
<![CDATA[
entry:42 %trunc_ln2 = partselect i4 @_ssdm_op_PartSelect.i4.i32.i32.i32, i32 %char_1_read, i32 20, i32 23

]]></Node>
<StgValue><ssdm name="trunc_ln2"/></StgValue>
</operation>

<operation id="23" st_id="1" stage="1" lat="1">
<core>NULL</core>
<MemPortIdVec></MemPortIdVec>
<condition id="-1">
<or_exp><and_exp></and_exp></or_exp>
</condition>

<Node id="69" bw="4" op_0_bw="4" op_1_bw="32" op_2_bw="32" op_3_bw="32">
<![CDATA[
entry:45 %trunc_ln3 = partselect i4 @_ssdm_op_PartSelect.i4.i32.i32.i32, i32 %char_1_read, i32 16, i32 19

]]></Node>
<StgValue><ssdm name="trunc_ln3"/></StgValue>
</operation>

<operation id="24" st_id="1" stage="1" lat="1">
<core>NULL</core>
<MemPortIdVec></MemPortIdVec>
<condition id="-1">
<or_exp><and_exp></and_exp></or_exp>
</condition>

<Node id="72" bw="4" op_0_bw="4" op_1_bw="32" op_2_bw="32" op_3_bw="32">
<![CDATA[
entry:48 %trunc_ln4 = partselect i4 @_ssdm_op_PartSelect.i4.i32.i32.i32, i32 %char_1_read, i32 12, i32 15

]]></Node>
<StgValue><ssdm name="trunc_ln4"/></StgValue>
</operation>

<operation id="25" st_id="1" stage="1" lat="1">
<core>NULL</core>
<MemPortIdVec></MemPortIdVec>
<condition id="-1">
<or_exp><and_exp></and_exp></or_exp>
</condition>

<Node id="75" bw="4" op_0_bw="4" op_1_bw="32" op_2_bw="32" op_3_bw="32">
<![CDATA[
entry:51 %trunc_ln5 = partselect i4 @_ssdm_op_PartSelect.i4.i32.i32.i32, i32 %char_1_read, i32 8, i32 11

]]></Node>
<StgValue><ssdm name="trunc_ln5"/></StgValue>
</operation>

<operation id="26" st_id="1" stage="1" lat="1">
<core>NULL</core>
<MemPortIdVec></MemPortIdVec>
<condition id="-1">
<or_exp><and_exp></and_exp></or_exp>
</condition>

<Node id="78" bw="4" op_0_bw="4" op_1_bw="32" op_2_bw="32" op_3_bw="32">
<![CDATA[
entry:54 %trunc_ln6 = partselect i4 @_ssdm_op_PartSelect.i4.i32.i32.i32, i32 %char_1_read, i32 4, i32 7

]]></Node>
<StgValue><ssdm name="trunc_ln6"/></StgValue>
</operation>

<operation id="27" st_id="1" stage="1" lat="1">
<core>NULL</core>
<MemPortIdVec></MemPortIdVec>
<condition id="-1">
<or_exp><and_exp></and_exp></or_exp>
</condition>

<Node id="81" bw="4" op_0_bw="32">
<![CDATA[
entry:57 %trunc_ln110 = trunc i32 %char_1_read

]]></Node>
<StgValue><ssdm name="trunc_ln110"/></StgValue>
</operation>

<operation id="28" st_id="1" stage="2" lat="2">
<core></core>
<MemPortIdVec></MemPortIdVec>
<condition id="-1">
<or_exp><and_exp></and_exp></or_exp>
</condition>

<Node id="85" bw="0" op_0_bw="0" op_1_bw="32">
<![CDATA[
entry:61 %call_ln0 = call void @ff_monitor_gen_Pipeline_1, i32 %line

]]></Node>
<StgValue><ssdm name="call_ln0"/></StgValue>
</operation>

<operation id="29" st_id="1" stage="2" lat="2">
<core></core>
<MemPortIdVec></MemPortIdVec>
<condition id="-1">
<or_exp><and_exp></and_exp></or_exp>
</condition>

<Node id="86" bw="0" op_0_bw="0" op_1_bw="32">
<![CDATA[
entry:62 %call_ln0 = call void @ff_monitor_gen_Pipeline_2, i32 %pixel

]]></Node>
<StgValue><ssdm name="call_ln0"/></StgValue>
</operation>

<operation id="30" st_id="1" stage="2" lat="2">
<core></core>
<MemPortIdVec></MemPortIdVec>
<condition id="-1">
<or_exp><and_exp></and_exp></or_exp>
</condition>

<Node id="87" bw="0" op_0_bw="0" op_1_bw="32">
<![CDATA[
entry:63 %call_ln0 = call void @ff_monitor_gen_Pipeline_3, i32 %count_line

]]></Node>
<StgValue><ssdm name="call_ln0"/></StgValue>
</operation>

<operation id="31" st_id="1" stage="2" lat="2">
<core></core>
<MemPortIdVec></MemPortIdVec>
<condition id="-1">
<or_exp><and_exp></and_exp></or_exp>
</condition>

<Node id="88" bw="0" op_0_bw="0" op_1_bw="32">
<![CDATA[
entry:64 %call_ln0 = call void @ff_monitor_gen_Pipeline_4, i32 %count_pixel

]]></Node>
<StgValue><ssdm name="call_ln0"/></StgValue>
</operation>
</state>

<state id="2" st_id="2">

<operation id="32" st_id="2" stage="1" lat="1">
<core>NULL</core>
<MemPortIdVec></MemPortIdVec>
<condition id="-1">
<or_exp><and_exp></and_exp></or_exp>
</condition>

<Node id="67" bw="3" op_0_bw="4" op_1_bw="64" op_2_bw="64">
<![CDATA[
entry:43 %digits_addr_2 = getelementptr i4 %digits, i64 0, i64 2

]]></Node>
<StgValue><ssdm name="digits_addr_2"/></StgValue>
</operation>

<operation id="33" st_id="2" stage="1" lat="1">
<core>RAM</core>
<MemPortIdVec></MemPortIdVec>
<condition id="-1">
<or_exp><and_exp></and_exp></or_exp>
</condition>

<Node id="68" bw="0" op_0_bw="4" op_1_bw="3">
<![CDATA[
entry:44 %store_ln105 = store i4 %trunc_ln2, i3 %digits_addr_2

]]></Node>
<StgValue><ssdm name="store_ln105"/></StgValue>
</operation>

<operation id="34" st_id="2" stage="1" lat="1">
<core>NULL</core>
<MemPortIdVec></MemPortIdVec>
<condition id="-1">
<or_exp><and_exp></and_exp></or_exp>
</condition>

<Node id="70" bw="3" op_0_bw="4" op_1_bw="64" op_2_bw="64">
<![CDATA[
entry:46 %digits_addr_3 = getelementptr i4 %digits, i64 0, i64 3

]]></Node>
<StgValue><ssdm name="digits_addr_3"/></StgValue>
</operation>

<operation id="35" st_id="2" stage="1" lat="1">
<core>RAM</core>
<MemPortIdVec></MemPortIdVec>
<condition id="-1">
<or_exp><and_exp></and_exp></or_exp>
</condition>

<Node id="71" bw="0" op_0_bw="4" op_1_bw="3">
<![CDATA[
entry:47 %store_ln106 = store i4 %trunc_ln3, i3 %digits_addr_3

]]></Node>
<StgValue><ssdm name="store_ln106"/></StgValue>
</operation>

<operation id="36" st_id="2" stage="1" lat="2">
<core></core>
<MemPortIdVec></MemPortIdVec>
<condition id="-1">
<or_exp><and_exp></and_exp></or_exp>
</condition>

<Node id="85" bw="0" op_0_bw="0" op_1_bw="32">
<![CDATA[
entry:61 %call_ln0 = call void @ff_monitor_gen_Pipeline_1, i32 %line

]]></Node>
<StgValue><ssdm name="call_ln0"/></StgValue>
</operation>

<operation id="37" st_id="2" stage="1" lat="2">
<core></core>
<MemPortIdVec></MemPortIdVec>
<condition id="-1">
<or_exp><and_exp></and_exp></or_exp>
</condition>

<Node id="86" bw="0" op_0_bw="0" op_1_bw="32">
<![CDATA[
entry:62 %call_ln0 = call void @ff_monitor_gen_Pipeline_2, i32 %pixel

]]></Node>
<StgValue><ssdm name="call_ln0"/></StgValue>
</operation>

<operation id="38" st_id="2" stage="1" lat="2">
<core></core>
<MemPortIdVec></MemPortIdVec>
<condition id="-1">
<or_exp><and_exp></and_exp></or_exp>
</condition>

<Node id="87" bw="0" op_0_bw="0" op_1_bw="32">
<![CDATA[
entry:63 %call_ln0 = call void @ff_monitor_gen_Pipeline_3, i32 %count_line

]]></Node>
<StgValue><ssdm name="call_ln0"/></StgValue>
</operation>

<operation id="39" st_id="2" stage="1" lat="2">
<core></core>
<MemPortIdVec></MemPortIdVec>
<condition id="-1">
<or_exp><and_exp></and_exp></or_exp>
</condition>

<Node id="88" bw="0" op_0_bw="0" op_1_bw="32">
<![CDATA[
entry:64 %call_ln0 = call void @ff_monitor_gen_Pipeline_4, i32 %count_pixel

]]></Node>
<StgValue><ssdm name="call_ln0"/></StgValue>
</operation>
</state>

<state id="3" st_id="3">

<operation id="40" st_id="3" stage="1" lat="1">
<core>NULL</core>
<MemPortIdVec></MemPortIdVec>
<condition id="-1">
<or_exp><and_exp></and_exp></or_exp>
</condition>

<Node id="73" bw="3" op_0_bw="4" op_1_bw="64" op_2_bw="64">
<![CDATA[
entry:49 %digits_addr_4 = getelementptr i4 %digits, i64 0, i64 4

]]></Node>
<StgValue><ssdm name="digits_addr_4"/></StgValue>
</operation>

<operation id="41" st_id="3" stage="1" lat="1">
<core>RAM</core>
<MemPortIdVec></MemPortIdVec>
<condition id="-1">
<or_exp><and_exp></and_exp></or_exp>
</condition>

<Node id="74" bw="0" op_0_bw="4" op_1_bw="3">
<![CDATA[
entry:50 %store_ln107 = store i4 %trunc_ln4, i3 %digits_addr_4

]]></Node>
<StgValue><ssdm name="store_ln107"/></StgValue>
</operation>

<operation id="42" st_id="3" stage="1" lat="1">
<core>NULL</core>
<MemPortIdVec></MemPortIdVec>
<condition id="-1">
<or_exp><and_exp></and_exp></or_exp>
</condition>

<Node id="76" bw="3" op_0_bw="4" op_1_bw="64" op_2_bw="64">
<![CDATA[
entry:52 %digits_addr_5 = getelementptr i4 %digits, i64 0, i64 5

]]></Node>
<StgValue><ssdm name="digits_addr_5"/></StgValue>
</operation>

<operation id="43" st_id="3" stage="1" lat="1">
<core>RAM</core>
<MemPortIdVec></MemPortIdVec>
<condition id="-1">
<or_exp><and_exp></and_exp></or_exp>
</condition>

<Node id="77" bw="0" op_0_bw="4" op_1_bw="3">
<![CDATA[
entry:53 %store_ln108 = store i4 %trunc_ln5, i3 %digits_addr_5

]]></Node>
<StgValue><ssdm name="store_ln108"/></StgValue>
</operation>

<operation id="44" st_id="3" stage="1" lat="1">
<core>NULL</core>
<MemPortIdVec></MemPortIdVec>
<condition id="-1">
<or_exp><and_exp></and_exp></or_exp>
</condition>

<Node id="97" bw="32" op_0_bw="32" op_1_bw="0" op_2_bw="0" op_3_bw="0" op_4_bw="0" op_5_bw="0" op_6_bw="0" op_7_bw="0">
<![CDATA[
entry:73 %empty = wait i32 @_ssdm_op_Wait

]]></Node>
<StgValue><ssdm name="empty"/></StgValue>
</operation>
</state>

<state id="4" st_id="4">

<operation id="45" st_id="4" stage="1" lat="1">
<core>NULL</core>
<MemPortIdVec></MemPortIdVec>
<condition id="-1">
<or_exp><and_exp></and_exp></or_exp>
</condition>

<Node id="79" bw="3" op_0_bw="4" op_1_bw="64" op_2_bw="64">
<![CDATA[
entry:55 %digits_addr_6 = getelementptr i4 %digits, i64 0, i64 6

]]></Node>
<StgValue><ssdm name="digits_addr_6"/></StgValue>
</operation>

<operation id="46" st_id="4" stage="1" lat="1">
<core>RAM</core>
<MemPortIdVec></MemPortIdVec>
<condition id="-1">
<or_exp><and_exp></and_exp></or_exp>
</condition>

<Node id="80" bw="0" op_0_bw="4" op_1_bw="3">
<![CDATA[
entry:56 %store_ln109 = store i4 %trunc_ln6, i3 %digits_addr_6

]]></Node>
<StgValue><ssdm name="store_ln109"/></StgValue>
</operation>

<operation id="47" st_id="4" stage="1" lat="1">
<core>NULL</core>
<MemPortIdVec></MemPortIdVec>
<condition id="-1">
<or_exp><and_exp></and_exp></or_exp>
</condition>

<Node id="82" bw="3" op_0_bw="4" op_1_bw="64" op_2_bw="64">
<![CDATA[
entry:58 %digits_addr_7 = getelementptr i4 %digits, i64 0, i64 7

]]></Node>
<StgValue><ssdm name="digits_addr_7"/></StgValue>
</operation>

<operation id="48" st_id="4" stage="1" lat="1">
<core>RAM</core>
<MemPortIdVec></MemPortIdVec>
<condition id="-1">
<or_exp><and_exp></and_exp></or_exp>
</condition>

<Node id="83" bw="0" op_0_bw="4" op_1_bw="3">
<![CDATA[
entry:59 %store_ln110 = store i4 %trunc_ln110, i3 %digits_addr_7

]]></Node>
<StgValue><ssdm name="store_ln110"/></StgValue>
</operation>
</state>

<state id="5" st_id="5">

<operation id="49" st_id="5" stage="1" lat="1">
<core>Adder</core>
<MemPortIdVec></MemPortIdVec>
<condition id="-1">
<or_exp><and_exp></and_exp></or_exp>
</condition>

<Node id="89" bw="32" op_0_bw="32" op_1_bw="32">
<![CDATA[
entry:65 %sub = add i32 %column_read, i32 4294967295

]]></Node>
<StgValue><ssdm name="sub"/></StgValue>
</operation>

<operation id="50" st_id="5" stage="1" lat="1">
<core>Adder</core>
<MemPortIdVec></MemPortIdVec>
<condition id="-1">
<or_exp><and_exp></and_exp></or_exp>
</condition>

<Node id="90" bw="32" op_0_bw="32" op_1_bw="32">
<![CDATA[
entry:66 %sub47 = add i32 %row_read, i32 4294967281

]]></Node>
<StgValue><ssdm name="sub47"/></StgValue>
</operation>

<operation id="51" st_id="5" stage="1" lat="1">
<core>Adder</core>
<MemPortIdVec></MemPortIdVec>
<condition id="-1">
<or_exp><and_exp></and_exp></or_exp>
</condition>

<Node id="91" bw="32" op_0_bw="32" op_1_bw="32">
<![CDATA[
entry:67 %sub50 = add i32 %row_read, i32 4294967286

]]></Node>
<StgValue><ssdm name="sub50"/></StgValue>
</operation>

<operation id="52" st_id="5" stage="1" lat="1">
<core>Adder</core>
<MemPortIdVec></MemPortIdVec>
<condition id="-1">
<or_exp><and_exp></and_exp></or_exp>
</condition>

<Node id="92" bw="32" op_0_bw="32" op_1_bw="32">
<![CDATA[
entry:68 %sub57 = add i32 %column_read, i32 4294967286

]]></Node>
<StgValue><ssdm name="sub57"/></StgValue>
</operation>

<operation id="53" st_id="5" stage="1" lat="1">
<core>Adder</core>
<MemPortIdVec></MemPortIdVec>
<condition id="-1">
<or_exp><and_exp></and_exp></or_exp>
</condition>

<Node id="93" bw="32" op_0_bw="32" op_1_bw="32">
<![CDATA[
entry:69 %sub88 = add i32 %column_read, i32 4294967281

]]></Node>
<StgValue><ssdm name="sub88"/></StgValue>
</operation>

<operation id="54" st_id="5" stage="1" lat="1">
<core>NULL</core>
<MemPortIdVec></MemPortIdVec>
<condition id="-1">
<or_exp><and_exp></and_exp></or_exp>
</condition>

<Node id="94" bw="64" op_0_bw="32">
<![CDATA[
entry:70 %cast = zext i32 %row_read

]]></Node>
<StgValue><ssdm name="cast"/></StgValue>
</operation>

<operation id="55" st_id="5" stage="1" lat="1">
<core>NULL</core>
<MemPortIdVec></MemPortIdVec>
<condition id="-1">
<or_exp><and_exp></and_exp></or_exp>
</condition>

<Node id="95" bw="64" op_0_bw="32">
<![CDATA[
entry:71 %cast1 = zext i32 %column_read

]]></Node>
<StgValue><ssdm name="cast1"/></StgValue>
</operation>

<operation id="56" st_id="5" stage="1" lat="1">
<core>Multiplier</core>
<MemPortIdVec></MemPortIdVec>
<condition id="-1">
<or_exp><and_exp></and_exp></or_exp>
</condition>

<Node id="96" bw="64" op_0_bw="64" op_1_bw="64">
<![CDATA[
entry:72 %bound = mul i64 %cast, i64 %cast1

]]></Node>
<StgValue><ssdm name="bound"/></StgValue>
</operation>

<operation id="57" st_id="5" stage="2" lat="2">
<core></core>
<MemPortIdVec></MemPortIdVec>
<condition id="-1">
<or_exp><and_exp></and_exp></or_exp>
</condition>

<Node id="98" bw="0" op_0_bw="0" op_1_bw="32" op_2_bw="32" op_3_bw="32" op_4_bw="32" op_5_bw="32" op_6_bw="32" op_7_bw="32" op_8_bw="64" op_9_bw="32" op_10_bw="4" op_11_bw="4" op_12_bw="1" op_13_bw="1" op_14_bw="1" op_15_bw="1" op_16_bw="32" op_17_bw="32" op_18_bw="32" op_19_bw="4" op_20_bw="25" op_21_bw="25" op_22_bw="25" op_23_bw="25" op_24_bw="25" op_25_bw="25" op_26_bw="25" op_27_bw="25" op_28_bw="25" op_29_bw="25" op_30_bw="0" op_31_bw="0" op_32_bw="0" op_33_bw="0" op_34_bw="0" op_35_bw="0" op_36_bw="0" op_37_bw="0" op_38_bw="0" op_39_bw="0" op_40_bw="0" op_41_bw="0" op_42_bw="0" op_43_bw="0">
<![CDATA[
entry:74 %call_ln0 = call void @ff_monitor_gen_Pipeline_row_loop_column_loop, i32 %pixel, i32 %count_pixel, i32 %count_line, i32 %line, i32 %sub47, i32 %sub50, i32 %column_read, i64 %bound, i32 %op_V_data_V, i4 %op_V_keep_V, i4 %op_V_strb_V, i1 %op_V_user_V, i1 %op_V_last_V, i1 %op_V_id_V, i1 %op_V_dest_V, i32 %sub, i32 %sub57, i32 %sub88, i4 %digits, i25 %display_0_1, i25 %display_1_1, i25 %display_2_1, i25 %display_3_1, i25 %display_4_1, i25 %display_5_1, i25 %display_6_1, i25 %display_7_1, i25 %display_8_1, i25 %display_9_1

]]></Node>
<StgValue><ssdm name="call_ln0"/></StgValue>
</operation>
</state>

<state id="6" st_id="6">

<operation id="58" st_id="6" stage="1" lat="2">
<core></core>
<MemPortIdVec></MemPortIdVec>
<condition id="-1">
<or_exp><and_exp></and_exp></or_exp>
</condition>

<Node id="98" bw="0" op_0_bw="0" op_1_bw="32" op_2_bw="32" op_3_bw="32" op_4_bw="32" op_5_bw="32" op_6_bw="32" op_7_bw="32" op_8_bw="64" op_9_bw="32" op_10_bw="4" op_11_bw="4" op_12_bw="1" op_13_bw="1" op_14_bw="1" op_15_bw="1" op_16_bw="32" op_17_bw="32" op_18_bw="32" op_19_bw="4" op_20_bw="25" op_21_bw="25" op_22_bw="25" op_23_bw="25" op_24_bw="25" op_25_bw="25" op_26_bw="25" op_27_bw="25" op_28_bw="25" op_29_bw="25" op_30_bw="0" op_31_bw="0" op_32_bw="0" op_33_bw="0" op_34_bw="0" op_35_bw="0" op_36_bw="0" op_37_bw="0" op_38_bw="0" op_39_bw="0" op_40_bw="0" op_41_bw="0" op_42_bw="0" op_43_bw="0">
<![CDATA[
entry:74 %call_ln0 = call void @ff_monitor_gen_Pipeline_row_loop_column_loop, i32 %pixel, i32 %count_pixel, i32 %count_line, i32 %line, i32 %sub47, i32 %sub50, i32 %column_read, i64 %bound, i32 %op_V_data_V, i4 %op_V_keep_V, i4 %op_V_strb_V, i1 %op_V_user_V, i1 %op_V_last_V, i1 %op_V_id_V, i1 %op_V_dest_V, i32 %sub, i32 %sub57, i32 %sub88, i4 %digits, i25 %display_0_1, i25 %display_1_1, i25 %display_2_1, i25 %display_3_1, i25 %display_4_1, i25 %display_5_1, i25 %display_6_1, i25 %display_7_1, i25 %display_8_1, i25 %display_9_1

]]></Node>
<StgValue><ssdm name="call_ln0"/></StgValue>
</operation>
</state>

<state id="7" st_id="7">

<operation id="59" st_id="7" stage="1" lat="1">
<core>NULL</core>
<MemPortIdVec></MemPortIdVec>
<condition id="-1">
<or_exp><and_exp></and_exp></or_exp>
</condition>

<Node id="24" bw="0" op_0_bw="0" op_1_bw="0">
<![CDATA[
entry:0 %spectopmodule_ln86 = spectopmodule void @_ssdm_op_SpecTopModule, void @empty_12

]]></Node>
<StgValue><ssdm name="spectopmodule_ln86"/></StgValue>
</operation>

<operation id="60" st_id="7" stage="1" lat="1">
<core>NULL</core>
<MemPortIdVec></MemPortIdVec>
<condition id="-1">
<or_exp><and_exp></and_exp></or_exp>
</condition>

<Node id="25" bw="0" op_0_bw="0" op_1_bw="32" op_2_bw="4" op_3_bw="4" op_4_bw="1" op_5_bw="1" op_6_bw="1" op_7_bw="1" op_8_bw="0" op_9_bw="32" op_10_bw="32" op_11_bw="0" op_12_bw="32" op_13_bw="32" op_14_bw="0" op_15_bw="0" op_16_bw="0" op_17_bw="32" op_18_bw="32" op_19_bw="32" op_20_bw="32" op_21_bw="0" op_22_bw="0" op_23_bw="32" op_24_bw="32">
<![CDATA[
entry:1 %specinterface_ln0 = specinterface void @_ssdm_op_SpecInterface, i32 %op_V_data_V, i4 %op_V_keep_V, i4 %op_V_strb_V, i1 %op_V_user_V, i1 %op_V_last_V, i1 %op_V_id_V, i1 %op_V_dest_V, void @empty, i32 1, i32 1, void @empty_0, i32 0, i32 0, void @empty_1, void @empty_1, void @empty_1, i32 0, i32 0, i32 0, i32 0, void @empty_1, void @empty_1, i32 4294967295, i32 0

]]></Node>
<StgValue><ssdm name="specinterface_ln0"/></StgValue>
</operation>

<operation id="61" st_id="7" stage="1" lat="1">
<core>NULL</core>
<MemPortIdVec></MemPortIdVec>
<condition id="-1">
<or_exp><and_exp></and_exp></or_exp>
</condition>

<Node id="26" bw="0" op_0_bw="0" op_1_bw="32">
<![CDATA[
entry:2 %specbitsmap_ln0 = specbitsmap void @_ssdm_op_SpecBitsMap, i32 %op_V_data_V

]]></Node>
<StgValue><ssdm name="specbitsmap_ln0"/></StgValue>
</operation>

<operation id="62" st_id="7" stage="1" lat="1">
<core>NULL</core>
<MemPortIdVec></MemPortIdVec>
<condition id="-1">
<or_exp><and_exp></and_exp></or_exp>
</condition>

<Node id="27" bw="0" op_0_bw="0" op_1_bw="4">
<![CDATA[
entry:3 %specbitsmap_ln0 = specbitsmap void @_ssdm_op_SpecBitsMap, i4 %op_V_keep_V

]]></Node>
<StgValue><ssdm name="specbitsmap_ln0"/></StgValue>
</operation>

<operation id="63" st_id="7" stage="1" lat="1">
<core>NULL</core>
<MemPortIdVec></MemPortIdVec>
<condition id="-1">
<or_exp><and_exp></and_exp></or_exp>
</condition>

<Node id="28" bw="0" op_0_bw="0" op_1_bw="4">
<![CDATA[
entry:4 %specbitsmap_ln0 = specbitsmap void @_ssdm_op_SpecBitsMap, i4 %op_V_strb_V

]]></Node>
<StgValue><ssdm name="specbitsmap_ln0"/></StgValue>
</operation>

<operation id="64" st_id="7" stage="1" lat="1">
<core>NULL</core>
<MemPortIdVec></MemPortIdVec>
<condition id="-1">
<or_exp><and_exp></and_exp></or_exp>
</condition>

<Node id="29" bw="0" op_0_bw="0" op_1_bw="1">
<![CDATA[
entry:5 %specbitsmap_ln0 = specbitsmap void @_ssdm_op_SpecBitsMap, i1 %op_V_user_V

]]></Node>
<StgValue><ssdm name="specbitsmap_ln0"/></StgValue>
</operation>

<operation id="65" st_id="7" stage="1" lat="1">
<core>NULL</core>
<MemPortIdVec></MemPortIdVec>
<condition id="-1">
<or_exp><and_exp></and_exp></or_exp>
</condition>

<Node id="30" bw="0" op_0_bw="0" op_1_bw="1">
<![CDATA[
entry:6 %specbitsmap_ln0 = specbitsmap void @_ssdm_op_SpecBitsMap, i1 %op_V_last_V

]]></Node>
<StgValue><ssdm name="specbitsmap_ln0"/></StgValue>
</operation>

<operation id="66" st_id="7" stage="1" lat="1">
<core>NULL</core>
<MemPortIdVec></MemPortIdVec>
<condition id="-1">
<or_exp><and_exp></and_exp></or_exp>
</condition>

<Node id="31" bw="0" op_0_bw="0" op_1_bw="1">
<![CDATA[
entry:7 %specbitsmap_ln0 = specbitsmap void @_ssdm_op_SpecBitsMap, i1 %op_V_id_V

]]></Node>
<StgValue><ssdm name="specbitsmap_ln0"/></StgValue>
</operation>

<operation id="67" st_id="7" stage="1" lat="1">
<core>NULL</core>
<MemPortIdVec></MemPortIdVec>
<condition id="-1">
<or_exp><and_exp></and_exp></or_exp>
</condition>

<Node id="32" bw="0" op_0_bw="0" op_1_bw="1">
<![CDATA[
entry:8 %specbitsmap_ln0 = specbitsmap void @_ssdm_op_SpecBitsMap, i1 %op_V_dest_V

]]></Node>
<StgValue><ssdm name="specbitsmap_ln0"/></StgValue>
</operation>

<operation id="68" st_id="7" stage="1" lat="1">
<core>NULL</core>
<MemPortIdVec></MemPortIdVec>
<condition id="-1">
<or_exp><and_exp></and_exp></or_exp>
</condition>

<Node id="33" bw="0" op_0_bw="0" op_1_bw="32">
<![CDATA[
entry:9 %specbitsmap_ln0 = specbitsmap void @_ssdm_op_SpecBitsMap, i32 %row

]]></Node>
<StgValue><ssdm name="specbitsmap_ln0"/></StgValue>
</operation>

<operation id="69" st_id="7" stage="1" lat="1">
<core>NULL</core>
<MemPortIdVec></MemPortIdVec>
<condition id="-1">
<or_exp><and_exp></and_exp></or_exp>
</condition>

<Node id="34" bw="0" op_0_bw="0" op_1_bw="32" op_2_bw="0" op_3_bw="32" op_4_bw="32" op_5_bw="0" op_6_bw="32" op_7_bw="32" op_8_bw="0" op_9_bw="0" op_10_bw="0" op_11_bw="32" op_12_bw="32" op_13_bw="32" op_14_bw="32" op_15_bw="0" op_16_bw="0" op_17_bw="32" op_18_bw="32">
<![CDATA[
entry:10 %specinterface_ln0 = specinterface void @_ssdm_op_SpecInterface, i32 %row, void @empty_2, i32 0, i32 0, void @empty_1, i32 0, i32 0, void @empty_3, void @empty_4, void @empty_1, i32 0, i32 0, i32 0, i32 0, void @empty_1, void @empty_1, i32 4294967295, i32 0

]]></Node>
<StgValue><ssdm name="specinterface_ln0"/></StgValue>
</operation>

<operation id="70" st_id="7" stage="1" lat="1">
<core>NULL</core>
<MemPortIdVec></MemPortIdVec>
<condition id="-1">
<or_exp><and_exp></and_exp></or_exp>
</condition>

<Node id="35" bw="0" op_0_bw="0" op_1_bw="32" op_2_bw="0" op_3_bw="32" op_4_bw="32" op_5_bw="0" op_6_bw="32" op_7_bw="32" op_8_bw="0" op_9_bw="0" op_10_bw="0" op_11_bw="32" op_12_bw="32" op_13_bw="32" op_14_bw="32" op_15_bw="0" op_16_bw="0" op_17_bw="32" op_18_bw="32">
<![CDATA[
entry:11 %specinterface_ln0 = specinterface void @_ssdm_op_SpecInterface, i32 %row, void @empty_5, i32 0, i32 0, void @empty_1, i32 0, i32 0, void @empty_1, void @empty_1, void @empty_1, i32 0, i32 0, i32 0, i32 0, void @empty_1, void @empty_1, i32 4294967295, i32 0

]]></Node>
<StgValue><ssdm name="specinterface_ln0"/></StgValue>
</operation>

<operation id="71" st_id="7" stage="1" lat="1">
<core>NULL</core>
<MemPortIdVec></MemPortIdVec>
<condition id="-1">
<or_exp><and_exp></and_exp></or_exp>
</condition>

<Node id="36" bw="0" op_0_bw="0" op_1_bw="32">
<![CDATA[
entry:12 %specbitsmap_ln0 = specbitsmap void @_ssdm_op_SpecBitsMap, i32 %column

]]></Node>
<StgValue><ssdm name="specbitsmap_ln0"/></StgValue>
</operation>

<operation id="72" st_id="7" stage="1" lat="1">
<core>NULL</core>
<MemPortIdVec></MemPortIdVec>
<condition id="-1">
<or_exp><and_exp></and_exp></or_exp>
</condition>

<Node id="37" bw="0" op_0_bw="0" op_1_bw="32" op_2_bw="0" op_3_bw="32" op_4_bw="32" op_5_bw="0" op_6_bw="32" op_7_bw="32" op_8_bw="0" op_9_bw="0" op_10_bw="0" op_11_bw="32" op_12_bw="32" op_13_bw="32" op_14_bw="32" op_15_bw="0" op_16_bw="0" op_17_bw="32" op_18_bw="32">
<![CDATA[
entry:13 %specinterface_ln0 = specinterface void @_ssdm_op_SpecInterface, i32 %column, void @empty_2, i32 0, i32 0, void @empty_1, i32 0, i32 0, void @empty_3, void @empty_6, void @empty_1, i32 0, i32 0, i32 0, i32 0, void @empty_1, void @empty_1, i32 4294967295, i32 0

]]></Node>
<StgValue><ssdm name="specinterface_ln0"/></StgValue>
</operation>

<operation id="73" st_id="7" stage="1" lat="1">
<core>NULL</core>
<MemPortIdVec></MemPortIdVec>
<condition id="-1">
<or_exp><and_exp></and_exp></or_exp>
</condition>

<Node id="38" bw="0" op_0_bw="0" op_1_bw="32" op_2_bw="0" op_3_bw="32" op_4_bw="32" op_5_bw="0" op_6_bw="32" op_7_bw="32" op_8_bw="0" op_9_bw="0" op_10_bw="0" op_11_bw="32" op_12_bw="32" op_13_bw="32" op_14_bw="32" op_15_bw="0" op_16_bw="0" op_17_bw="32" op_18_bw="32">
<![CDATA[
entry:14 %specinterface_ln0 = specinterface void @_ssdm_op_SpecInterface, i32 %column, void @empty_5, i32 0, i32 0, void @empty_1, i32 0, i32 0, void @empty_1, void @empty_1, void @empty_1, i32 0, i32 0, i32 0, i32 0, void @empty_1, void @empty_1, i32 4294967295, i32 0

]]></Node>
<StgValue><ssdm name="specinterface_ln0"/></StgValue>
</operation>

<operation id="74" st_id="7" stage="1" lat="1">
<core>NULL</core>
<MemPortIdVec></MemPortIdVec>
<condition id="-1">
<or_exp><and_exp></and_exp></or_exp>
</condition>

<Node id="39" bw="0" op_0_bw="0" op_1_bw="32">
<![CDATA[
entry:15 %specbitsmap_ln0 = specbitsmap void @_ssdm_op_SpecBitsMap, i32 %char_1

]]></Node>
<StgValue><ssdm name="specbitsmap_ln0"/></StgValue>
</operation>

<operation id="75" st_id="7" stage="1" lat="1">
<core>NULL</core>
<MemPortIdVec></MemPortIdVec>
<condition id="-1">
<or_exp><and_exp></and_exp></or_exp>
</condition>

<Node id="40" bw="0" op_0_bw="0" op_1_bw="32" op_2_bw="0" op_3_bw="32" op_4_bw="32" op_5_bw="0" op_6_bw="32" op_7_bw="32" op_8_bw="0" op_9_bw="0" op_10_bw="0" op_11_bw="32" op_12_bw="32" op_13_bw="32" op_14_bw="32" op_15_bw="0" op_16_bw="0" op_17_bw="32" op_18_bw="32">
<![CDATA[
entry:16 %specinterface_ln0 = specinterface void @_ssdm_op_SpecInterface, i32 %char_1, void @empty_2, i32 0, i32 0, void @empty_1, i32 0, i32 0, void @empty_3, void @empty_7, void @empty_1, i32 0, i32 0, i32 0, i32 0, void @empty_1, void @empty_1, i32 4294967295, i32 0

]]></Node>
<StgValue><ssdm name="specinterface_ln0"/></StgValue>
</operation>

<operation id="76" st_id="7" stage="1" lat="1">
<core>NULL</core>
<MemPortIdVec></MemPortIdVec>
<condition id="-1">
<or_exp><and_exp></and_exp></or_exp>
</condition>

<Node id="41" bw="0" op_0_bw="0" op_1_bw="32" op_2_bw="0" op_3_bw="32" op_4_bw="32" op_5_bw="0" op_6_bw="32" op_7_bw="32" op_8_bw="0" op_9_bw="0" op_10_bw="0" op_11_bw="32" op_12_bw="32" op_13_bw="32" op_14_bw="32" op_15_bw="0" op_16_bw="0" op_17_bw="32" op_18_bw="32">
<![CDATA[
entry:17 %specinterface_ln0 = specinterface void @_ssdm_op_SpecInterface, i32 %char_1, void @empty_5, i32 0, i32 0, void @empty_1, i32 0, i32 0, void @empty_1, void @empty_1, void @empty_1, i32 0, i32 0, i32 0, i32 0, void @empty_1, void @empty_1, i32 4294967295, i32 0

]]></Node>
<StgValue><ssdm name="specinterface_ln0"/></StgValue>
</operation>

<operation id="77" st_id="7" stage="1" lat="1">
<core>NULL</core>
<MemPortIdVec></MemPortIdVec>
<condition id="-1">
<or_exp><and_exp></and_exp></or_exp>
</condition>

<Node id="42" bw="0" op_0_bw="0" op_1_bw="32">
<![CDATA[
entry:18 %specbitsmap_ln0 = specbitsmap void @_ssdm_op_SpecBitsMap, i32 %char_2

]]></Node>
<StgValue><ssdm name="specbitsmap_ln0"/></StgValue>
</operation>

<operation id="78" st_id="7" stage="1" lat="1">
<core>NULL</core>
<MemPortIdVec></MemPortIdVec>
<condition id="-1">
<or_exp><and_exp></and_exp></or_exp>
</condition>

<Node id="43" bw="0" op_0_bw="0" op_1_bw="32" op_2_bw="0" op_3_bw="32" op_4_bw="32" op_5_bw="0" op_6_bw="32" op_7_bw="32" op_8_bw="0" op_9_bw="0" op_10_bw="0" op_11_bw="32" op_12_bw="32" op_13_bw="32" op_14_bw="32" op_15_bw="0" op_16_bw="0" op_17_bw="32" op_18_bw="32">
<![CDATA[
entry:19 %specinterface_ln0 = specinterface void @_ssdm_op_SpecInterface, i32 %char_2, void @empty_2, i32 0, i32 0, void @empty_1, i32 0, i32 0, void @empty_3, void @empty_8, void @empty_1, i32 0, i32 0, i32 0, i32 0, void @empty_1, void @empty_1, i32 4294967295, i32 0

]]></Node>
<StgValue><ssdm name="specinterface_ln0"/></StgValue>
</operation>

<operation id="79" st_id="7" stage="1" lat="1">
<core>NULL</core>
<MemPortIdVec></MemPortIdVec>
<condition id="-1">
<or_exp><and_exp></and_exp></or_exp>
</condition>

<Node id="44" bw="0" op_0_bw="0" op_1_bw="32" op_2_bw="0" op_3_bw="32" op_4_bw="32" op_5_bw="0" op_6_bw="32" op_7_bw="32" op_8_bw="0" op_9_bw="0" op_10_bw="0" op_11_bw="32" op_12_bw="32" op_13_bw="32" op_14_bw="32" op_15_bw="0" op_16_bw="0" op_17_bw="32" op_18_bw="32">
<![CDATA[
entry:20 %specinterface_ln0 = specinterface void @_ssdm_op_SpecInterface, i32 %char_2, void @empty_5, i32 0, i32 0, void @empty_1, i32 0, i32 0, void @empty_1, void @empty_1, void @empty_1, i32 0, i32 0, i32 0, i32 0, void @empty_1, void @empty_1, i32 4294967295, i32 0

]]></Node>
<StgValue><ssdm name="specinterface_ln0"/></StgValue>
</operation>

<operation id="80" st_id="7" stage="1" lat="1">
<core>NULL</core>
<MemPortIdVec></MemPortIdVec>
<condition id="-1">
<or_exp><and_exp></and_exp></or_exp>
</condition>

<Node id="45" bw="0" op_0_bw="0" op_1_bw="32">
<![CDATA[
entry:21 %specbitsmap_ln0 = specbitsmap void @_ssdm_op_SpecBitsMap, i32 %char_3

]]></Node>
<StgValue><ssdm name="specbitsmap_ln0"/></StgValue>
</operation>

<operation id="81" st_id="7" stage="1" lat="1">
<core>NULL</core>
<MemPortIdVec></MemPortIdVec>
<condition id="-1">
<or_exp><and_exp></and_exp></or_exp>
</condition>

<Node id="46" bw="0" op_0_bw="0" op_1_bw="32" op_2_bw="0" op_3_bw="32" op_4_bw="32" op_5_bw="0" op_6_bw="32" op_7_bw="32" op_8_bw="0" op_9_bw="0" op_10_bw="0" op_11_bw="32" op_12_bw="32" op_13_bw="32" op_14_bw="32" op_15_bw="0" op_16_bw="0" op_17_bw="32" op_18_bw="32">
<![CDATA[
entry:22 %specinterface_ln0 = specinterface void @_ssdm_op_SpecInterface, i32 %char_3, void @empty_2, i32 0, i32 0, void @empty_1, i32 0, i32 0, void @empty_3, void @empty_9, void @empty_1, i32 0, i32 0, i32 0, i32 0, void @empty_1, void @empty_1, i32 4294967295, i32 0

]]></Node>
<StgValue><ssdm name="specinterface_ln0"/></StgValue>
</operation>

<operation id="82" st_id="7" stage="1" lat="1">
<core>NULL</core>
<MemPortIdVec></MemPortIdVec>
<condition id="-1">
<or_exp><and_exp></and_exp></or_exp>
</condition>

<Node id="47" bw="0" op_0_bw="0" op_1_bw="32" op_2_bw="0" op_3_bw="32" op_4_bw="32" op_5_bw="0" op_6_bw="32" op_7_bw="32" op_8_bw="0" op_9_bw="0" op_10_bw="0" op_11_bw="32" op_12_bw="32" op_13_bw="32" op_14_bw="32" op_15_bw="0" op_16_bw="0" op_17_bw="32" op_18_bw="32">
<![CDATA[
entry:23 %specinterface_ln0 = specinterface void @_ssdm_op_SpecInterface, i32 %char_3, void @empty_5, i32 0, i32 0, void @empty_1, i32 0, i32 0, void @empty_1, void @empty_1, void @empty_1, i32 0, i32 0, i32 0, i32 0, void @empty_1, void @empty_1, i32 4294967295, i32 0

]]></Node>
<StgValue><ssdm name="specinterface_ln0"/></StgValue>
</operation>

<operation id="83" st_id="7" stage="1" lat="1">
<core>NULL</core>
<MemPortIdVec></MemPortIdVec>
<condition id="-1">
<or_exp><and_exp></and_exp></or_exp>
</condition>

<Node id="48" bw="0" op_0_bw="0" op_1_bw="32">
<![CDATA[
entry:24 %specbitsmap_ln0 = specbitsmap void @_ssdm_op_SpecBitsMap, i32 %char_4

]]></Node>
<StgValue><ssdm name="specbitsmap_ln0"/></StgValue>
</operation>

<operation id="84" st_id="7" stage="1" lat="1">
<core>NULL</core>
<MemPortIdVec></MemPortIdVec>
<condition id="-1">
<or_exp><and_exp></and_exp></or_exp>
</condition>

<Node id="49" bw="0" op_0_bw="0" op_1_bw="32" op_2_bw="0" op_3_bw="32" op_4_bw="32" op_5_bw="0" op_6_bw="32" op_7_bw="32" op_8_bw="0" op_9_bw="0" op_10_bw="0" op_11_bw="32" op_12_bw="32" op_13_bw="32" op_14_bw="32" op_15_bw="0" op_16_bw="0" op_17_bw="32" op_18_bw="32">
<![CDATA[
entry:25 %specinterface_ln0 = specinterface void @_ssdm_op_SpecInterface, i32 %char_4, void @empty_2, i32 0, i32 0, void @empty_1, i32 0, i32 0, void @empty_3, void @empty_10, void @empty_1, i32 0, i32 0, i32 0, i32 0, void @empty_1, void @empty_1, i32 4294967295, i32 0

]]></Node>
<StgValue><ssdm name="specinterface_ln0"/></StgValue>
</operation>

<operation id="85" st_id="7" stage="1" lat="1">
<core>NULL</core>
<MemPortIdVec></MemPortIdVec>
<condition id="-1">
<or_exp><and_exp></and_exp></or_exp>
</condition>

<Node id="50" bw="0" op_0_bw="0" op_1_bw="32" op_2_bw="0" op_3_bw="32" op_4_bw="32" op_5_bw="0" op_6_bw="32" op_7_bw="32" op_8_bw="0" op_9_bw="0" op_10_bw="0" op_11_bw="32" op_12_bw="32" op_13_bw="32" op_14_bw="32" op_15_bw="0" op_16_bw="0" op_17_bw="32" op_18_bw="32">
<![CDATA[
entry:26 %specinterface_ln0 = specinterface void @_ssdm_op_SpecInterface, i32 %char_4, void @empty_5, i32 0, i32 0, void @empty_1, i32 0, i32 0, void @empty_1, void @empty_1, void @empty_1, i32 0, i32 0, i32 0, i32 0, void @empty_1, void @empty_1, i32 4294967295, i32 0

]]></Node>
<StgValue><ssdm name="specinterface_ln0"/></StgValue>
</operation>

<operation id="86" st_id="7" stage="1" lat="1">
<core>NULL</core>
<MemPortIdVec></MemPortIdVec>
<condition id="-1">
<or_exp><and_exp></and_exp></or_exp>
</condition>

<Node id="51" bw="0" op_0_bw="0" op_1_bw="32" op_2_bw="0" op_3_bw="32" op_4_bw="32" op_5_bw="0" op_6_bw="32" op_7_bw="32" op_8_bw="0" op_9_bw="0" op_10_bw="0" op_11_bw="32" op_12_bw="32" op_13_bw="32" op_14_bw="32" op_15_bw="0" op_16_bw="0" op_17_bw="32" op_18_bw="32">
<![CDATA[
entry:27 %specinterface_ln0 = specinterface void @_ssdm_op_SpecInterface, i32 0, void @empty_2, i32 0, i32 0, void @empty_1, i32 0, i32 0, void @empty_3, void @empty_1, void @empty_1, i32 0, i32 0, i32 0, i32 0, void @empty_1, void @empty_1, i32 4294967295, i32 0

]]></Node>
<StgValue><ssdm name="specinterface_ln0"/></StgValue>
</operation>

<operation id="87" st_id="7" stage="1" lat="1">
<core>NULL</core>
<MemPortIdVec></MemPortIdVec>
<condition id="-1">
<or_exp><and_exp></and_exp></or_exp>
</condition>

<Node id="84" bw="0" op_0_bw="0" op_1_bw="32" op_2_bw="4" op_3_bw="4" op_4_bw="1" op_5_bw="1" op_6_bw="1" op_7_bw="1" op_8_bw="0">
<![CDATA[
entry:60 %specaxissidechannel_ln115 = specaxissidechannel void @_ssdm_op_SpecAXISSideChannel, i32 %op_V_data_V, i4 %op_V_keep_V, i4 %op_V_strb_V, i1 %op_V_user_V, i1 %op_V_last_V, i1 %op_V_id_V, i1 %op_V_dest_V, void @empty_11

]]></Node>
<StgValue><ssdm name="specaxissidechannel_ln115"/></StgValue>
</operation>

<operation id="88" st_id="7" stage="1" lat="1">
<core>NULL</core>
<MemPortIdVec></MemPortIdVec>
<condition id="-1">
<or_exp><and_exp></and_exp></or_exp>
</condition>

<Node id="99" bw="0">
<![CDATA[
entry:75 %ret_ln213 = ret

]]></Node>
<StgValue><ssdm name="ret_ln213"/></StgValue>
</operation>
</state>
</state_list>


<ports>
</ports>


<dataflows>
</dataflows>


</stg>
