<stg><name>ff_monitor_gen</name>


<trans_list>

<trans id="89" from="1" to="2">
<condition id="-1">
<or_exp><and_exp></and_exp></or_exp>
</condition>
</trans>

<trans id="90" from="2" to="3">
<condition id="-1">
<or_exp><and_exp></and_exp></or_exp>
</condition>
</trans>

<trans id="91" from="3" to="4">
<condition id="-1">
<or_exp><and_exp></and_exp></or_exp>
</condition>
</trans>

<trans id="92" from="4" to="5">
<condition id="-1">
<or_exp><and_exp></and_exp></or_exp>
</condition>
</trans>

<trans id="93" from="5" to="6">
<condition id="-1">
<or_exp><and_exp></and_exp></or_exp>
</condition>
</trans>

<trans id="94" from="6" to="7">
<condition id="-1">
<or_exp><and_exp></and_exp></or_exp>
</condition>
</trans>
</trans_list>



<state_list>

<state id="1" st_id="1">

<operation id="8" st_id="1" stage="1" lat="1">
<core>s_axilite</core>
<MemPortIdVec></MemPortIdVec>
<condition id="-1">
<or_exp><and_exp></and_exp></or_exp>
</condition>

<Node id="52" bw="32" op_0_bw="32" op_1_bw="32">
<![CDATA[
entry:28 %char_1_read = read i32 @_ssdm_op_Read.s_axilite.i32, i32 %char_1

]]></Node>
<StgValue><ssdm name="char_1_read"/></StgValue>
</operation>

<operation id="9" st_id="1" stage="1" lat="1">
<core>s_axilite</core>
<MemPortIdVec></MemPortIdVec>
<condition id="-1">
<or_exp><and_exp></and_exp></or_exp>
</condition>

<Node id="53" bw="32" op_0_bw="32" op_1_bw="32">
<![CDATA[
entry:29 %column_read = read i32 @_ssdm_op_Read.s_axilite.i32, i32 %column

]]></Node>
<StgValue><ssdm name="column_read"/></StgValue>
</operation>

<operation id="10" st_id="1" stage="1" lat="1">
<core>s_axilite</core>
<MemPortIdVec></MemPortIdVec>
<condition id="-1">
<or_exp><and_exp></and_exp></or_exp>
</condition>

<Node id="54" bw="32" op_0_bw="32" op_1_bw="32">
<![CDATA[
entry:30 %row_read = read i32 @_ssdm_op_Read.s_axilite.i32, i32 %row

]]></Node>
<StgValue><ssdm name="row_read"/></StgValue>
</operation>

<operation id="11" st_id="1" stage="1" lat="1">
<core>RAM</core>
<MemPortIdVec></MemPortIdVec>
<condition id="-1">
<or_exp><and_exp></and_exp></or_exp>
</condition>

<Node id="55" bw="4" op_0_bw="64">
<![CDATA[
entry:31 %digits = alloca i64 1

]]></Node>
<StgValue><ssdm name="digits"/><MemPortTyVec>2 0 </MemPortTyVec>
</StgValue>
</operation>

<operation id="12" st_id="1" stage="1" lat="1">
<core>NULL</core>
<MemPortIdVec></MemPortIdVec>
<condition id="-1">
<or_exp><and_exp></and_exp></or_exp>
</condition>

<Node id="56" bw="32" op_0_bw="64">
<![CDATA[
entry:32 %line = alloca i64 1

]]></Node>
<StgValue><ssdm name="line"/><MemPortTyVec>0 2 </MemPortTyVec>
</StgValue>
</operation>

<operation id="13" st_id="1" stage="1" lat="1">
<core>NULL</core>
<MemPortIdVec></MemPortIdVec>
<condition id="-1">
<or_exp><and_exp></and_exp></or_exp>
</condition>

<Node id="57" bw="32" op_0_bw="64">
<![CDATA[
entry:33 %pixel = alloca i64 1

]]></Node>
<StgValue><ssdm name="pixel"/><MemPortTyVec>0 2 </MemPortTyVec>
</StgValue>
</operation>

<operation id="14" st_id="1" stage="1" lat="1">
<core>NULL</core>
<MemPortIdVec></MemPortIdVec>
<condition id="-1">
<or_exp><and_exp></and_exp></or_exp>
</condition>

<Node id="58" bw="32" op_0_bw="64">
<![CDATA[
entry:34 %count_line = alloca i64 1

]]></Node>
<StgValue><ssdm name="count_line"/><MemPortTyVec>0 2 </MemPortTyVec>
</StgValue>
</operation>

<operation id="15" st_id="1" stage="1" lat="1">
<core>NULL</core>
<MemPortIdVec></MemPortIdVec>
<condition id="-1">
<or_exp><and_exp></and_exp></or_exp>
</condition>

<Node id="59" bw="32" op_0_bw="64">
<![CDATA[
entry:35 %count_pixel = alloca i64 1

]]></Node>
<StgValue><ssdm name="count_pixel"/><MemPortTyVec>2 0 </MemPortTyVec>
</StgValue>
</operation>

<operation id="16" st_id="1" stage="1" lat="1">
<core>NULL</core>
<MemPortIdVec></MemPortIdVec>
<condition id="-1">
<or_exp><and_exp></and_exp></or_exp>
</condition>

<Node id="60" bw="4" op_0_bw="4" op_1_bw="32" op_2_bw="32" op_3_bw="32">
<![CDATA[
entry:36 %trunc_ln = partselect i4 @_ssdm_op_PartSelect.i4.i32.i32.i32, i32 %char_1_read, i32 28, i32 31

]]></Node>
<StgValue><ssdm name="trunc_ln"/></StgValue>
</operation>

<operation id="17" st_id="1" stage="1" lat="1">
<core>NULL</core>
<MemPortIdVec></MemPortIdVec>
<condition id="-1">
<or_exp><and_exp></and_exp></or_exp>
</condition>

<Node id="61" bw="3" op_0_bw="4" op_1_bw="64" op_2_bw="64">
<![CDATA[
entry:37 %digits_addr = getelementptr i4 %digits, i64 0, i64 0

]]></Node>
<StgValue><ssdm name="digits_addr"/></StgValue>
</operation>

<operation id="18" st_id="1" stage="1" lat="1">
<core>RAM</core>
<MemPortIdVec>1 </MemPortIdVec>
<condition id="-1">
<or_exp><and_exp></and_exp></or_exp>
</condition>

<Node id="62" bw="0" op_0_bw="4" op_1_bw="3">
<![CDATA[
entry:38 %store_ln103 = store i4 %trunc_ln, i3 %digits_addr

]]></Node>
<StgValue><ssdm name="store_ln103"/></StgValue>
</operation>

<operation id="19" st_id="1" stage="1" lat="1">
<core>NULL</core>
<MemPortIdVec></MemPortIdVec>
<condition id="-1">
<or_exp><and_exp></and_exp></or_exp>
</condition>

<Node id="63" bw="4" op_0_bw="4" op_1_bw="32" op_2_bw="32" op_3_bw="32">
<![CDATA[
entry:39 %trunc_ln1 = partselect i4 @_ssdm_op_PartSelect.i4.i32.i32.i32, i32 %char_1_read, i32 24, i32 27

]]></Node>
<StgValue><ssdm name="trunc_ln1"/></StgValue>
</operation>

<operation id="20" st_id="1" stage="1" lat="1">
<core>NULL</core>
<MemPortIdVec></MemPortIdVec>
<condition id="-1">
<or_exp><and_exp></and_exp></or_exp>
</condition>

<Node id="64" bw="3" op_0_bw="4" op_1_bw="64" op_2_bw="64">
<![CDATA[
entry:40 %digits_addr_1 = getelementptr i4 %digits, i64 0, i64 1

]]></Node>
<StgValue><ssdm name="digits_addr_1"/></StgValue>
</operation>

<operation id="21" st_id="1" stage="1" lat="1">
<core>RAM</core>
<MemPortIdVec>0 </MemPortIdVec>
<condition id="-1">
<or_exp><and_exp></and_exp></or_exp>
</condition>

<Node id="65" bw="0" op_0_bw="4" op_1_bw="3">
<![CDATA[
entry:41 %store_ln104 = store i4 %trunc_ln1, i3 %digits_addr_1

]]></Node>
<StgValue><ssdm name="store_ln104"/></StgValue>
</operation>

<operation id="22" st_id="1" stage="1" lat="1">
<core>NULL</core>
<MemPortIdVec></MemPortIdVec>
<condition id="-1">
<or_exp><and_exp></and_exp></or_exp>
</condition>

<Node id="66" bw="4" op_0_bw="4" op_1_bw="32" op_2_bw="32" op_3_bw="32">
<![CDATA[
entry:42 %trunc_ln2 = partselect i4 @_ssdm_op_PartSelect.i4.i32.i32.i32, i32 %char_1_read, i32 20, i32 23

]]></Node>
<StgValue><ssdm name="trunc_ln2"/></StgValue>
</operation>

<operation id="23" st_id="1" stage="1" lat="1">
<core>NULL</core>
<MemPortIdVec></MemPortIdVec>
<condition id="-1">
<or_exp><and_exp></and_exp></or_exp>
</condition>

<Node id="69" bw="4" op_0_bw="4" op_1_bw="32" op_2_bw="32" op_3_bw="32">
<![CDATA[
entry:45 %trunc_ln3 = partselect i4 @_ssdm_op_PartSelect.i4.i32.i32.i32, i32 %char_1_read, i32 16, i32 19

]]></Node>
<StgValue><ssdm name="trunc_ln3"/></StgValue>
</operation>

<operation id="24" st_id="1" stage="1" lat="1">
<core>NULL</core>
<MemPortIdVec></MemPortIdVec>
<condition id="-1">
<or_exp><and_exp></and_exp></or_exp>
</condition>

<Node id="72" bw="4" op_0_bw="4" op_1_bw="32" op_2_bw="32" op_3_bw="32">
<![CDATA[
entry:48 %trunc_ln4 = partselect i4 @_ssdm_op_PartSelect.i4.i32.i32.i32, i32 %char_1_read, i32 12, i32 15

]]></Node>
<StgValue><ssdm name="trunc_ln4"/></StgValue>
</operation>

<operation id="25" st_id="1" stage="1" lat="1">
<core>NULL</core>
<MemPortIdVec></MemPortIdVec>
<condition id="-1">
<or_exp><and_exp></and_exp></or_exp>
</condition>

<Node id="75" bw="4" op_0_bw="4" op_1_bw="32" op_2_bw="32" op_3_bw="32">
<![CDATA[
entry:51 %trunc_ln5 = partselect i4 @_ssdm_op_PartSelect.i4.i32.i32.i32, i32 %char_1_read, i32 8, i32 11

]]></Node>
<StgValue><ssdm name="trunc_ln5"/></StgValue>
</operation>

<operation id="26" st_id="1" stage="1" lat="1">
<core>NULL</core>
<MemPortIdVec></MemPortIdVec>
<condition id="-1">
<or_exp><and_exp></and_exp></or_exp>
</condition>

<Node id="78" bw="4" op_0_bw="4" op_1_bw="32" op_2_bw="32" op_3_bw="32">
<![CDATA[
entry:54 %trunc_ln6 = partselect i4 @_ssdm_op_PartSelect.i4.i32.i32.i32, i32 %char_1_read, i32 4, i32 7

]]></Node>
<StgValue><ssdm name="trunc_ln6"/></StgValue>
</operation>

<operation id="27" st_id="1" stage="1" lat="1">
<core>NULL</core>
<MemPortIdVec></MemPortIdVec>
<condition id="-1">
<or_exp><and_exp></and_exp></or_exp>
</condition>

<Node id="81" bw="4" op_0_bw="32">
<![CDATA[
entry:57 %trunc_ln110 = trunc i32 %char_1_read

]]></Node>
<StgValue><ssdm name="trunc_ln110"/></StgValue>
</operation>

<operation id="28" st_id="1" stage="2" lat="2">
<core></core>
<MemPortIdVec></MemPortIdVec>
<condition id="-1">
<or_exp><and_exp></and_exp></or_exp>
</condition>

<Node id="85" bw="0" op_0_bw="0" op_1_bw="32">
<![CDATA[
entry:61 %call_ln0 = call void @ff_monitor_gen_Pipeline_1, i32 %line

]]></Node>
<StgValue><ssdm name="call_ln0"/></StgValue>
</operation>

<operation id="29" st_id="1" stage="2" lat="2">
<core></core>
<MemPortIdVec></MemPortIdVec>
<condition id="-1">
<or_exp><and_exp></and_exp></or_exp>
</condition>

<Node id="86" bw="0" op_0_bw="0" op_1_bw="32">
<![CDATA[
entry:62 %call_ln0 = call void @ff_monitor_gen_Pipeline_2, i32 %pixel

]]></Node>
<StgValue><ssdm name="call_ln0"/></StgValue>
</operation>

<operation id="30" st_id="1" stage="2" lat="2">
<core></core>
<MemPortIdVec></MemPortIdVec>
<condition id="-1">
<or_exp><and_exp></and_exp></or_exp>
</condition>

<Node id="87" bw="0" op_0_bw="0" op_1_bw="32">
<![CDATA[
entry:63 %call_ln0 = call void @ff_monitor_gen_Pipeline_3, i32 %count_line

]]></Node>
<StgValue><ssdm name="call_ln0"/></StgValue>
</operation>

<operation id="31" st_id="1" stage="2" lat="2">
<core></core>
<MemPortIdVec></MemPortIdVec>
<condition id="-1">
<or_exp><and_exp></and_exp></or_exp>
</condition>

<Node id="88" bw="0" op_0_bw="0" op_1_bw="32">
<![CDATA[
entry:64 %call_ln0 = call void @ff_monitor_gen_Pipeline_4, i32 %count_pixel

]]></Node>
<StgValue><ssdm name="call_ln0"/></StgValue>
</operation>
</state>

<state id="2" st_id="2">

<operation id="32" st_id="2" stage="1" lat="1">
<core>NULL</core>
<MemPortIdVec></MemPortIdVec>
<condition id="-1">
<or_exp><and_exp></and_exp></or_exp>
</condition>

<Node id="67" bw="3" op_0_bw="4" op_1_bw="64" op_2_bw="64">
<![CDATA[
entry:43 %digits_addr_2 = getelementptr i4 %digits, i64 0, i64 2

]]></Node>
<StgValue><ssdm name="digits_addr_2"/></StgValue>
</operation>

<operation id="33" st_id="2" stage="1" lat="1">
<core>RAM</core>
<MemPortIdVec>1 </MemPortIdVec>
<condition id="-1">
<or_exp><and_exp></and_exp></or_exp>
</condition>

<Node id="68" bw="0" op_0_bw="4" op_1_bw="3">
<![CDATA[
entry:44 %store_ln105 = store i4 %trunc_ln2, i3 %digits_addr_2

]]></Node>
<StgValue><ssdm name="store_ln105"/></StgValue>
</operation>

<operation id="34" st_id="2" stage="1" lat="1">
<core>NULL</core>
<MemPortIdVec></MemPortIdVec>
<condition id="-1">
<or_exp><and_exp></and_exp></or_exp>
</condition>

<Node id="70" bw="3" op_0_bw="4" op_1_bw="64" op_2_bw="64">
<![CDATA[
entry:46 %digits_addr_3 = getelementptr i4 %digits, i64 0, i64 3

]]></Node>
<StgValue><ssdm name="digits_addr_3"/></StgValue>
</operation>

<operation id="35" st_id="2" stage="1" lat="1">
<core>RAM</core>
<MemPortIdVec>0 </MemPortIdVec>
<condition id="-1">
<or_exp><and_exp></and_exp></or_exp>
</condition>

<Node id="71" bw="0" op_0_bw="4" op_1_bw="3">
<![CDATA[
entry:47 %store_ln106 = store i4 %trunc_ln3, i3 %digits_addr_3

]]></Node>
<StgValue><ssdm name="store_ln106"/></StgValue>
</operation>

<operation id="36" st_id="2" stage="1" lat="2">
<core></core>
<MemPortIdVec></MemPortIdVec>
<condition id="-1">
<or_exp><and_exp></and_exp></or_exp>
</condition>

<Node id="85" bw="0" op_0_bw="0" op_1_bw="32">
<![CDATA[
entry:61 %call_ln0 = call void @ff_monitor_gen_Pipeline_1, i32 %line

]]></Node>
<StgValue><ssdm name="call_ln0"/></StgValue>
</operation>

<operation id="37" st_id="2" stage="1" lat="2">
<core></core>
<MemPortIdVec></MemPortIdVec>
<condition id="-1">
<or_exp><and_exp></and_exp></or_exp>
</condition>

<Node id="86" bw="0" op_0_bw="0" op_1_bw="32">
<![CDATA[
entry:62 %call_ln0 = call void @ff_monitor_gen_Pipeline_2, i32 %pixel

]]></Node>
<StgValue><ssdm name="call_ln0"/></StgValue>
</operation>

<operation id="38" st_id="2" stage="1" lat="2">
<core></core>
<MemPortIdVec></MemPortIdVec>
<condition id="-1">
<or_exp><and_exp></and_exp></or_exp>
</condition>

<Node id="87" bw="0" op_0_bw="0" op_1_bw="32">
<![CDATA[
entry:63 %call_ln0 = call void @ff_monitor_gen_Pipeline_3, i32 %count_line

]]></Node>
<StgValue><ssdm name="call_ln0"/></StgValue>
</operation>

<operation id="39" st_id="2" stage="1" lat="2">
<core></core>
<MemPortIdVec></MemPortIdVec>
<condition id="-1">
<or_exp><and_exp></and_exp></or_exp>
</condition>

<Node id="88" bw="0" op_0_bw="0" op_1_bw="32">
<![CDATA[
entry:64 %call_ln0 = call void @ff_monitor_gen_Pipeline_4, i32 %count_pixel

]]></Node>
<StgValue><ssdm name="call_ln0"/></StgValue>
</operation>
</state>

<state id="3" st_id="3">

<operation id="40" st_id="3" stage="1" lat="1">
<core>NULL</core>
<MemPortIdVec></MemPortIdVec>
<condition id="-1">
<or_exp><and_exp></and_exp></or_exp>
</condition>

<Node id="73" bw="3" op_0_bw="4" op_1_bw="64" op_2_bw="64">
<![CDATA[
entry:49 %digits_addr_4 = getelementptr i4 %digits, i64 0, i64 4

]]></Node>
<StgValue><ssdm name="digits_addr_4"/></StgValue>
</operation>

<operation id="41" st_id="3" stage="1" lat="1">
<core>RAM</core>
<MemPortIdVec>1 </MemPortIdVec>
<condition id="-1">
<or_exp><and_exp></and_exp></or_exp>
</condition>

<Node id="74" bw="0" op_0_bw="4" op_1_bw="3">
<![CDATA[
entry:50 %store_ln107 = store i4 %trunc_ln4, i3 %digits_addr_4

]]></Node>
<StgValue><ssdm name="store_ln107"/></StgValue>
</operation>

<operation id="42" st_id="3" stage="1" lat="1">
<core>NULL</core>
<MemPortIdVec></MemPortIdVec>
<condition id="-1">
<or_exp><and_exp></and_exp></or_exp>
</condition>

<Node id="76" bw="3" op_0_bw="4" op_1_bw="64" op_2_bw="64">
<![CDATA[
entry:52 %digits_addr_5 = getelementptr i4 %digits, i64 0, i64 5

]]></Node>
<StgValue><ssdm name="digits_addr_5"/></StgValue>
</operation>

<operation id="43" st_id="3" stage="1" lat="1">
<core>RAM</core>
<MemPortIdVec>0 </MemPortIdVec>
<condition id="-1">
<or_exp><and_exp></and_exp></or_exp>
</condition>

<Node id="77" bw="0" op_0_bw="4" op_1_bw="3">
<![CDATA[
entry:53 %store_ln108 = store i4 %trunc_ln5, i3 %digits_addr_5

]]></Node>
<StgValue><ssdm name="store_ln108"/></StgValue>
</operation>

<operation id="44" st_id="3" stage="1" lat="1">
<core>NULL</core>
<MemPortIdVec></MemPortIdVec>
<condition id="-1">
<or_exp><and_exp></and_exp></or_exp>
</condition>

<Node id="97" bw="32" op_0_bw="32" op_1_bw="0" op_2_bw="0" op_3_bw="0" op_4_bw="0" op_5_bw="0" op_6_bw="0" op_7_bw="0">
<![CDATA[
entry:73 %empty = wait i32 @_ssdm_op_Wait

]]></Node>
<StgValue><ssdm name="empty"/></StgValue>
</operation>
</state>

<state id="4" st_id="4">

<operation id="45" st_id="4" stage="1" lat="1">
<core>NULL</core>
<MemPortIdVec></MemPortIdVec>
<condition id="-1">
<or_exp><and_exp></and_exp></or_exp>
</condition>

<Node id="79" bw="3" op_0_bw="4" op_1_bw="64" op_2_bw="64">
<![CDATA[
entry:55 %digits_addr_6 = getelementptr i4 %digits, i64 0, i64 6

]]></Node>
<StgValue><ssdm name="digits_addr_6"/></StgValue>
</operation>

<operation id="46" st_id="4" stage="1" lat="1">
<core>RAM</core>
<MemPortIdVec>1 </MemPortIdVec>
<condition id="-1">
<or_exp><and_exp></and_exp></or_exp>
</condition>

<Node id="80" bw="0" op_0_bw="4" op_1_bw="3">
<![CDATA[
entry:56 %store_ln109 = store i4 %trunc_ln6, i3 %digits_addr_6

]]></Node>
<StgValue><ssdm name="store_ln109"/></StgValue>
</operation>

<operation id="47" st_id="4" stage="1" lat="1">
<core>NULL</core>
<MemPortIdVec></MemPortIdVec>
<condition id="-1">
<or_exp><and_exp></and_exp></or_exp>
</condition>

<Node id="82" bw="3" op_0_bw="4" op_1_bw="64" op_2_bw="64">
<![CDATA[
entry:58 %digits_addr_7 = getelementptr i4 %digits, i64 0, i64 7

]]></Node>
<StgValue><ssdm name="digits_addr_7"/></StgValue>
</operation>

<operation id="48" st_id="4" stage="1" lat="1">
<core>RAM</core>
<MemPortIdVec>0 </MemPortIdVec>
<condition id="-1">
<or_exp><and_exp></and_exp></or_exp>
</condition>

<Node id="83" bw="0" op_0_bw="4" op_1_bw="3">
<![CDATA[
entry:59 %store_ln110 = store i4 %trunc_ln110, i3 %digits_addr_7

]]></Node>
<StgValue><ssdm name="store_ln110"/></StgValue>
</operation>
</state>

<state id="5" st_id="5">

<operation id="49" st_id="5" stage="1" lat="1">
<core>Adder</core>
<MemPortIdVec></MemPortIdVec>
<condition id="-1">
<or_exp><and_exp></and_exp></or_exp>
</condition>

<Node id="89" bw="32" op_0_bw="32" op_1_bw="32">
<![CDATA[
entry:65 %sub = add i32 %column_read, i32 4294967295

]]></Node>
<StgValue><ssdm name="sub"/></StgValue>
</operation>

<operation id="50" st_id="5" stage="1" lat="1">
<core>Adder</core>
<MemPortIdVec></MemPortIdVec>
<condition id="-1">
<or_exp><and_exp></and_exp></or_exp>
</condition>

<Node id="90" bw="32" op_0_bw="32" op_1_bw="32">
<![CDATA[
entry:66 %sub47 = add i32 %row_read, i32 4294967281

]]></Node>
<StgValue><ssdm name="sub47"/></StgValue>
</operation>

<operation id="51" st_id="5" stage="1" lat="1">
<core>Adder</core>
<MemPortIdVec></MemPortIdVec>
<condition id="-1">
<or_exp><and_exp></and_exp></or_exp>
</condition>

<Node id="91" bw="32" op_0_bw="32" op_1_bw="32">
<![CDATA[
entry:67 %sub50 = add i32 %row_read, i32 4294967286

]]></Node>
<StgValue><ssdm name="sub50"/></StgValue>
</operation>

<operation id="52" st_id="5" stage="1" lat="1">
<core>Adder</core>
<MemPortIdVec></MemPortIdVec>
<condition id="-1">
<or_exp><and_exp></and_exp></or_exp>
</condition>

<Node id="92" bw="32" op_0_bw="32" op_1_bw="32">
<![CDATA[
entry:68 %sub57 = add i32 %column_read, i32 4294967286

]]></Node>
<StgValue><ssdm name="sub57"/></StgValue>
</operation>

<operation id="53" st_id="5" stage="1" lat="1">
<core>Adder</core>
<MemPortIdVec></MemPortIdVec>
<condition id="-1">
<or_exp><and_exp></and_exp></or_exp>
</condition>

<Node id="93" bw="32" op_0_bw="32" op_1_bw="32">
<![CDATA[
entry:69 %sub88 = add i32 %column_read, i32 4294967281

]]></Node>
<StgValue><ssdm name="sub88"/></StgValue>
</operation>

<operation id="54" st_id="5" stage="1" lat="1">
<core>NULL</core>
<MemPortIdVec></MemPortIdVec>
<condition id="-1">
<or_exp><and_exp></and_exp></or_exp>
</condition>

<Node id="94" bw="64" op_0_bw="32">
<![CDATA[
entry:70 %cast = zext i32 %row_read

]]></Node>
<StgValue><ssdm name="cast"/></StgValue>
</operation>

<operation id="55" st_id="5" stage="1" lat="1">
<core>NULL</core>
<MemPortIdVec></MemPortIdVec>
<condition id="-1">
<or_exp><and_exp></and_exp></or_exp>
</condition>

<Node id="95" bw="64" op_0_bw="32">
<![CDATA[
entry:71 %cast1 = zext i32 %column_read

]]></Node>
<StgValue><ssdm name="cast1"/></StgValue>
</operation>

<operation id="56" st_id="5" stage="1" lat="1">
<core>Multiplier</core>
<MemPortIdVec></MemPortIdVec>
<condition id="-1">
<or_exp><and_exp></and_exp></or_exp>
</condition>

<Node id="96" bw="64" op_0_bw="64" op_1_bw="64">
<![CDATA[
entry:72 %bound = mul i64 %cast, i64 %cast1

]]></Node>
<StgValue><ssdm name="bound"/></StgValue>
</operation>

<operation id="57" st_id="5" stage="2" lat="2">
<core></core>
<MemPortIdVec></MemPortIdVec>
<condition id="-1">
<or_exp><and_exp></and_exp></or_exp>
</condition>

<Node id="98" bw="0" op_0_bw="0" op_1_bw="32" op_2_bw="32" op_3_bw="32" op_4_bw="32" op_5_bw="32" op_6_bw="32" op_7_bw="32" op_8_bw="64" op_9_bw="32" op_10_bw="4" op_11_bw="4" op_12_bw="1" op_13_bw="1" op_14_bw="1" op_15_bw="1" op_16_bw="32" op_17_bw="32" op_18_bw="32" op_19_bw="4" op_20_bw="25" op_21_bw="25" op_22_bw="25" op_23_bw="25" op_24_bw="25" op_25_bw="25" op_26_bw="25" op_27_bw="25" op_28_bw="25" op_29_bw="25" op_30_bw="0" op_31_bw="0" op_32_bw="0" op_33_bw="0" op_34_bw="0" op_35_bw="0" op_36_bw="0" op_37_bw="0" op_38_bw="0" op_39_bw="0" op_40_bw="0" op_41_bw="0" op_42_bw="0" op_43_bw="0">
<![CDATA[
entry:74 %call_ln0 = call void @ff_monitor_gen_Pipeline_row_loop_column_loop, i32 %pixel, i32 %count_pixel, i32 %count_line, i32 %line, i32 %sub47, i32 %sub50, i32 %column_read, i64 %bound, i32 %op_V_data_V, i4 %op_V_keep_V, i4 %op_V_strb_V, i1 %op_V_user_V, i1 %op_V_last_V, i1 %op_V_id_V, i1 %op_V_dest_V, i32 %sub, i32 %sub57, i32 %sub88, i4 %digits, i25 %display_0_1, i25 %display_1_1, i25 %display_2_1, i25 %display_3_1, i25 %display_4_1, i25 %display_5_1, i25 %display_6_1, i25 %display_7_1, i25 %display_8_1, i25 %display_9_1

]]></Node>
<StgValue><ssdm name="call_ln0"/></StgValue>
</operation>
</state>

<state id="6" st_id="6">

<operation id="58" st_id="6" stage="1" lat="2">
<core></core>
<MemPortIdVec></MemPortIdVec>
<condition id="-1">
<or_exp><and_exp></and_exp></or_exp>
</condition>

<Node id="98" bw="0" op_0_bw="0" op_1_bw="32" op_2_bw="32" op_3_bw="32" op_4_bw="32" op_5_bw="32" op_6_bw="32" op_7_bw="32" op_8_bw="64" op_9_bw="32" op_10_bw="4" op_11_bw="4" op_12_bw="1" op_13_bw="1" op_14_bw="1" op_15_bw="1" op_16_bw="32" op_17_bw="32" op_18_bw="32" op_19_bw="4" op_20_bw="25" op_21_bw="25" op_22_bw="25" op_23_bw="25" op_24_bw="25" op_25_bw="25" op_26_bw="25" op_27_bw="25" op_28_bw="25" op_29_bw="25" op_30_bw="0" op_31_bw="0" op_32_bw="0" op_33_bw="0" op_34_bw="0" op_35_bw="0" op_36_bw="0" op_37_bw="0" op_38_bw="0" op_39_bw="0" op_40_bw="0" op_41_bw="0" op_42_bw="0" op_43_bw="0">
<![CDATA[
entry:74 %call_ln0 = call void @ff_monitor_gen_Pipeline_row_loop_column_loop, i32 %pixel, i32 %count_pixel, i32 %count_line, i32 %line, i32 %sub47, i32 %sub50, i32 %column_read, i64 %bound, i32 %op_V_data_V, i4 %op_V_keep_V, i4 %op_V_strb_V, i1 %op_V_user_V, i1 %op_V_last_V, i1 %op_V_id_V, i1 %op_V_dest_V, i32 %sub, i32 %sub57, i32 %sub88, i4 %digits, i25 %display_0_1, i25 %display_1_1, i25 %display_2_1, i25 %display_3_1, i25 %display_4_1, i25 %display_5_1, i25 %display_6_1, i25 %display_7_1, i25 %display_8_1, i25 %display_9_1

]]></Node>
<StgValue><ssdm name="call_ln0"/></StgValue>
</operation>
</state>

<state id="7" st_id="7">

<operation id="59" st_id="7" stage="1" lat="1">
<core>NULL</core>
<MemPortIdVec></MemPortIdVec>
<condition id="-1">
<or_exp><and_exp></and_exp></or_exp>
</condition>

<Node id="24" bw="0" op_0_bw="0" op_1_bw="0">
<![CDATA[
entry:0 %spectopmodule_ln86 = spectopmodule void @_ssdm_op_SpecTopModule, void @empty_12

]]></Node>
<StgValue><ssdm name="spectopmodule_ln86"/></StgValue>
</operation>

<operation id="60" st_id="7" stage="1" lat="1">
<core>NULL</core>
<MemPortIdVec></MemPortIdVec>
<condition id="-1">
<or_exp><and_exp></and_exp></or_exp>
</condition>

<Node id="25" bw="0" op_0_bw="0" op_1_bw="32" op_2_bw="4" op_3_bw="4" op_4_bw="1" op_5_bw="1" op_6_bw="1" op_7_bw="1" op_8_bw="0" op_9_bw="32" op_10_bw="32" op_11_bw="0" op_12_bw="32" op_13_bw="32" op_14_bw="0" op_15_bw="0" op_16_bw="0" op_17_bw="32" op_18_bw="32" op_19_bw="32" op_20_bw="32" op_21_bw="0" op_22_bw="0" op_23_bw="32" op_24_bw="32">
<![CDATA[
entry:1 %specinterface_ln0 = specinterface void @_ssdm_op_SpecInterface, i32 %op_V_data_V, i4 %op_V_keep_V, i4 %op_V_strb_V, i1 %op_V_user_V, i1 %op_V_last_V, i1 %op_V_id_V, i1 %op_V_dest_V, void @empty, i32 1, i32 1, void @empty_0, i32 0, i32 0, void @empty_1, void @empty_1, void @empty_1, i32 0, i32 0, i32 0, i32 0, void @empty_1, void @empty_1, i32 4294967295, i32 0

]]></Node>
<StgValue><ssdm name="specinterface_ln0"/></StgValue>
</operation>

<operation id="61" st_id="7" stage="1" lat="1">
<core>NULL</core>
<MemPortIdVec></MemPortIdVec>
<condition id="-1">
<or_exp><and_exp></and_exp></or_exp>
</condition>

<Node id="26" bw="0" op_0_bw="0" op_1_bw="32">
<![CDATA[
entry:2 %specbitsmap_ln0 = specbitsmap void @_ssdm_op_SpecBitsMap, i32 %op_V_data_V

]]></Node>
<StgValue><ssdm name="specbitsmap_ln0"/></StgValue>
</operation>

<operation id="62" st_id="7" stage="1" lat="1">
<core>NULL</core>
<MemPortIdVec></MemPortIdVec>
<condition id="-1">
<or_exp><and_exp></and_exp></or_exp>
</condition>

<Node id="27" bw="0" op_0_bw="0" op_1_bw="4">
<![CDATA[
entry:3 %specbitsmap_ln0 = specbitsmap void @_ssdm_op_SpecBitsMap, i4 %op_V_keep_V

]]></Node>
<StgValue><ssdm name="specbitsmap_ln0"/></StgValue>
</operation>

<operation id="63" st_id="7" stage="1" lat="1">
<core>NULL</core>
<MemPortIdVec></MemPortIdVec>
<condition id="-1">
<or_exp><and_exp></and_exp></or_exp>
</condition>

<Node id="28" bw="0" op_0_bw="0" op_1_bw="4">
<![CDATA[
entry:4 %specbitsmap_ln0 = specbitsmap void @_ssdm_op_SpecBitsMap, i4 %op_V_strb_V

]]></Node>
<StgValue><ssdm name="specbitsmap_ln0"/></StgValue>
</operation>

<operation id="64" st_id="7" stage="1" lat="1">
<core>NULL</core>
<MemPortIdVec></MemPortIdVec>
<condition id="-1">
<or_exp><and_exp></and_exp></or_exp>
</condition>

<Node id="29" bw="0" op_0_bw="0" op_1_bw="1">
<![CDATA[
entry:5 %specbitsmap_ln0 = specbitsmap void @_ssdm_op_SpecBitsMap, i1 %op_V_user_V

]]></Node>
<StgValue><ssdm name="specbitsmap_ln0"/></StgValue>
</operation>

<operation id="65" st_id="7" stage="1" lat="1">
<core>NULL</core>
<MemPortIdVec></MemPortIdVec>
<condition id="-1">
<or_exp><and_exp></and_exp></or_exp>
</condition>

<Node id="30" bw="0" op_0_bw="0" op_1_bw="1">
<![CDATA[
entry:6 %specbitsmap_ln0 = specbitsmap void @_ssdm_op_SpecBitsMap, i1 %op_V_last_V

]]></Node>
<StgValue><ssdm name="specbitsmap_ln0"/></StgValue>
</operation>

<operation id="66" st_id="7" stage="1" lat="1">
<core>NULL</core>
<MemPortIdVec></MemPortIdVec>
<condition id="-1">
<or_exp><and_exp></and_exp></or_exp>
</condition>

<Node id="31" bw="0" op_0_bw="0" op_1_bw="1">
<![CDATA[
entry:7 %specbitsmap_ln0 = specbitsmap void @_ssdm_op_SpecBitsMap, i1 %op_V_id_V

]]></Node>
<StgValue><ssdm name="specbitsmap_ln0"/></StgValue>
</operation>

<operation id="67" st_id="7" stage="1" lat="1">
<core>NULL</core>
<MemPortIdVec></MemPortIdVec>
<condition id="-1">
<or_exp><and_exp></and_exp></or_exp>
</condition>

<Node id="32" bw="0" op_0_bw="0" op_1_bw="1">
<![CDATA[
entry:8 %specbitsmap_ln0 = specbitsmap void @_ssdm_op_SpecBitsMap, i1 %op_V_dest_V

]]></Node>
<StgValue><ssdm name="specbitsmap_ln0"/></StgValue>
</operation>

<operation id="68" st_id="7" stage="1" lat="1">
<core>NULL</core>
<MemPortIdVec></MemPortIdVec>
<condition id="-1">
<or_exp><and_exp></and_exp></or_exp>
</condition>

<Node id="33" bw="0" op_0_bw="0" op_1_bw="32">
<![CDATA[
entry:9 %specbitsmap_ln0 = specbitsmap void @_ssdm_op_SpecBitsMap, i32 %row

]]></Node>
<StgValue><ssdm name="specbitsmap_ln0"/></StgValue>
</operation>

<operation id="69" st_id="7" stage="1" lat="1">
<core>NULL</core>
<MemPortIdVec></MemPortIdVec>
<condition id="-1">
<or_exp><and_exp></and_exp></or_exp>
</condition>

<Node id="34" bw="0" op_0_bw="0" op_1_bw="32" op_2_bw="0" op_3_bw="32" op_4_bw="32" op_5_bw="0" op_6_bw="32" op_7_bw="32" op_8_bw="0" op_9_bw="0" op_10_bw="0" op_11_bw="32" op_12_bw="32" op_13_bw="32" op_14_bw="32" op_15_bw="0" op_16_bw="0" op_17_bw="32" op_18_bw="32">
<![CDATA[
entry:10 %specinterface_ln0 = specinterface void @_ssdm_op_SpecInterface, i32 %row, void @empty_2, i32 0, i32 0, void @empty_1, i32 0, i32 0, void @empty_3, void @empty_4, void @empty_1, i32 0, i32 0, i32 0, i32 0, void @empty_1, void @empty_1, i32 4294967295, i32 0

]]></Node>
<StgValue><ssdm name="specinterface_ln0"/></StgValue>
</operation>

<operation id="70" st_id="7" stage="1" lat="1">
<core>NULL</core>
<MemPortIdVec></MemPortIdVec>
<condition id="-1">
<or_exp><and_exp></and_exp></or_exp>
</condition>

<Node id="35" bw="0" op_0_bw="0" op_1_bw="32" op_2_bw="0" op_3_bw="32" op_4_bw="32" op_5_bw="0" op_6_bw="32" op_7_bw="32" op_8_bw="0" op_9_bw="0" op_10_bw="0" op_11_bw="32" op_12_bw="32" op_13_bw="32" op_14_bw="32" op_15_bw="0" op_16_bw="0" op_17_bw="32" op_18_bw="32">
<![CDATA[
entry:11 %specinterface_ln0 = specinterface void @_ssdm_op_SpecInterface, i32 %row, void @empty_5, i32 0, i32 0, void @empty_1, i32 0, i32 0, void @empty_1, void @empty_1, void @empty_1, i32 0, i32 0, i32 0, i32 0, void @empty_1, void @empty_1, i32 4294967295, i32 0

]]></Node>
<StgValue><ssdm name="specinterface_ln0"/></StgValue>
</operation>

<operation id="71" st_id="7" stage="1" lat="1">
<core>NULL</core>
<MemPortIdVec></MemPortIdVec>
<condition id="-1">
<or_exp><and_exp></and_exp></or_exp>
</condition>

<Node id="36" bw="0" op_0_bw="0" op_1_bw="32">
<![CDATA[
entry:12 %specbitsmap_ln0 = specbitsmap void @_ssdm_op_SpecBitsMap, i32 %column

]]></Node>
<StgValue><ssdm name="specbitsmap_ln0"/></StgValue>
</operation>

<operation id="72" st_id="7" stage="1" lat="1">
<core>NULL</core>
<MemPortIdVec></MemPortIdVec>
<condition id="-1">
<or_exp><and_exp></and_exp></or_exp>
</condition>

<Node id="37" bw="0" op_0_bw="0" op_1_bw="32" op_2_bw="0" op_3_bw="32" op_4_bw="32" op_5_bw="0" op_6_bw="32" op_7_bw="32" op_8_bw="0" op_9_bw="0" op_10_bw="0" op_11_bw="32" op_12_bw="32" op_13_bw="32" op_14_bw="32" op_15_bw="0" op_16_bw="0" op_17_bw="32" op_18_bw="32">
<![CDATA[
entry:13 %specinterface_ln0 = specinterface void @_ssdm_op_SpecInterface, i32 %column, void @empty_2, i32 0, i32 0, void @empty_1, i32 0, i32 0, void @empty_3, void @empty_6, void @empty_1, i32 0, i32 0, i32 0, i32 0, void @empty_1, void @empty_1, i32 4294967295, i32 0

]]></Node>
<StgValue><ssdm name="specinterface_ln0"/></StgValue>
</operation>

<operation id="73" st_id="7" stage="1" lat="1">
<core>NULL</core>
<MemPortIdVec></MemPortIdVec>
<condition id="-1">
<or_exp><and_exp></and_exp></or_exp>
</condition>

<Node id="38" bw="0" op_0_bw="0" op_1_bw="32" op_2_bw="0" op_3_bw="32" op_4_bw="32" op_5_bw="0" op_6_bw="32" op_7_bw="32" op_8_bw="0" op_9_bw="0" op_10_bw="0" op_11_bw="32" op_12_bw="32" op_13_bw="32" op_14_bw="32" op_15_bw="0" op_16_bw="0" op_17_bw="32" op_18_bw="32">
<![CDATA[
entry:14 %specinterface_ln0 = specinterface void @_ssdm_op_SpecInterface, i32 %column, void @empty_5, i32 0, i32 0, void @empty_1, i32 0, i32 0, void @empty_1, void @empty_1, void @empty_1, i32 0, i32 0, i32 0, i32 0, void @empty_1, void @empty_1, i32 4294967295, i32 0

]]></Node>
<StgValue><ssdm name="specinterface_ln0"/></StgValue>
</operation>

<operation id="74" st_id="7" stage="1" lat="1">
<core>NULL</core>
<MemPortIdVec></MemPortIdVec>
<condition id="-1">
<or_exp><and_exp></and_exp></or_exp>
</condition>

<Node id="39" bw="0" op_0_bw="0" op_1_bw="32">
<![CDATA[
entry:15 %specbitsmap_ln0 = specbitsmap void @_ssdm_op_SpecBitsMap, i32 %char_1

]]></Node>
<StgValue><ssdm name="specbitsmap_ln0"/></StgValue>
</operation>

<operation id="75" st_id="7" stage="1" lat="1">
<core>NULL</core>
<MemPortIdVec></MemPortIdVec>
<condition id="-1">
<or_exp><and_exp></and_exp></or_exp>
</condition>

<Node id="40" bw="0" op_0_bw="0" op_1_bw="32" op_2_bw="0" op_3_bw="32" op_4_bw="32" op_5_bw="0" op_6_bw="32" op_7_bw="32" op_8_bw="0" op_9_bw="0" op_10_bw="0" op_11_bw="32" op_12_bw="32" op_13_bw="32" op_14_bw="32" op_15_bw="0" op_16_bw="0" op_17_bw="32" op_18_bw="32">
<![CDATA[
entry:16 %specinterface_ln0 = specinterface void @_ssdm_op_SpecInterface, i32 %char_1, void @empty_2, i32 0, i32 0, void @empty_1, i32 0, i32 0, void @empty_3, void @empty_7, void @empty_1, i32 0, i32 0, i32 0, i32 0, void @empty_1, void @empty_1, i32 4294967295, i32 0

]]></Node>
<StgValue><ssdm name="specinterface_ln0"/></StgValue>
</operation>

<operation id="76" st_id="7" stage="1" lat="1">
<core>NULL</core>
<MemPortIdVec></MemPortIdVec>
<condition id="-1">
<or_exp><and_exp></and_exp></or_exp>
</condition>

<Node id="41" bw="0" op_0_bw="0" op_1_bw="32" op_2_bw="0" op_3_bw="32" op_4_bw="32" op_5_bw="0" op_6_bw="32" op_7_bw="32" op_8_bw="0" op_9_bw="0" op_10_bw="0" op_11_bw="32" op_12_bw="32" op_13_bw="32" op_14_bw="32" op_15_bw="0" op_16_bw="0" op_17_bw="32" op_18_bw="32">
<![CDATA[
entry:17 %specinterface_ln0 = specinterface void @_ssdm_op_SpecInterface, i32 %char_1, void @empty_5, i32 0, i32 0, void @empty_1, i32 0, i32 0, void @empty_1, void @empty_1, void @empty_1, i32 0, i32 0, i32 0, i32 0, void @empty_1, void @empty_1, i32 4294967295, i32 0

]]></Node>
<StgValue><ssdm name="specinterface_ln0"/></StgValue>
</operation>

<operation id="77" st_id="7" stage="1" lat="1">
<core>NULL</core>
<MemPortIdVec></MemPortIdVec>
<condition id="-1">
<or_exp><and_exp></and_exp></or_exp>
</condition>

<Node id="42" bw="0" op_0_bw="0" op_1_bw="32">
<![CDATA[
entry:18 %specbitsmap_ln0 = specbitsmap void @_ssdm_op_SpecBitsMap, i32 %char_2

]]></Node>
<StgValue><ssdm name="specbitsmap_ln0"/></StgValue>
</operation>

<operation id="78" st_id="7" stage="1" lat="1">
<core>NULL</core>
<MemPortIdVec></MemPortIdVec>
<condition id="-1">
<or_exp><and_exp></and_exp></or_exp>
</condition>

<Node id="43" bw="0" op_0_bw="0" op_1_bw="32" op_2_bw="0" op_3_bw="32" op_4_bw="32" op_5_bw="0" op_6_bw="32" op_7_bw="32" op_8_bw="0" op_9_bw="0" op_10_bw="0" op_11_bw="32" op_12_bw="32" op_13_bw="32" op_14_bw="32" op_15_bw="0" op_16_bw="0" op_17_bw="32" op_18_bw="32">
<![CDATA[
entry:19 %specinterface_ln0 = specinterface void @_ssdm_op_SpecInterface, i32 %char_2, void @empty_2, i32 0, i32 0, void @empty_1, i32 0, i32 0, void @empty_3, void @empty_8, void @empty_1, i32 0, i32 0, i32 0, i32 0, void @empty_1, void @empty_1, i32 4294967295, i32 0

]]></Node>
<StgValue><ssdm name="specinterface_ln0"/></StgValue>
</operation>

<operation id="79" st_id="7" stage="1" lat="1">
<core>NULL</core>
<MemPortIdVec></MemPortIdVec>
<condition id="-1">
<or_exp><and_exp></and_exp></or_exp>
</condition>

<Node id="44" bw="0" op_0_bw="0" op_1_bw="32" op_2_bw="0" op_3_bw="32" op_4_bw="32" op_5_bw="0" op_6_bw="32" op_7_bw="32" op_8_bw="0" op_9_bw="0" op_10_bw="0" op_11_bw="32" op_12_bw="32" op_13_bw="32" op_14_bw="32" op_15_bw="0" op_16_bw="0" op_17_bw="32" op_18_bw="32">
<![CDATA[
entry:20 %specinterface_ln0 = specinterface void @_ssdm_op_SpecInterface, i32 %char_2, void @empty_5, i32 0, i32 0, void @empty_1, i32 0, i32 0, void @empty_1, void @empty_1, void @empty_1, i32 0, i32 0, i32 0, i32 0, void @empty_1, void @empty_1, i32 4294967295, i32 0

]]></Node>
<StgValue><ssdm name="specinterface_ln0"/></StgValue>
</operation>

<operation id="80" st_id="7" stage="1" lat="1">
<core>NULL</core>
<MemPortIdVec></MemPortIdVec>
<condition id="-1">
<or_exp><and_exp></and_exp></or_exp>
</condition>

<Node id="45" bw="0" op_0_bw="0" op_1_bw="32">
<![CDATA[
entry:21 %specbitsmap_ln0 = specbitsmap void @_ssdm_op_SpecBitsMap, i32 %char_3

]]></Node>
<StgValue><ssdm name="specbitsmap_ln0"/></StgValue>
</operation>

<operation id="81" st_id="7" stage="1" lat="1">
<core>NULL</core>
<MemPortIdVec></MemPortIdVec>
<condition id="-1">
<or_exp><and_exp></and_exp></or_exp>
</condition>

<Node id="46" bw="0" op_0_bw="0" op_1_bw="32" op_2_bw="0" op_3_bw="32" op_4_bw="32" op_5_bw="0" op_6_bw="32" op_7_bw="32" op_8_bw="0" op_9_bw="0" op_10_bw="0" op_11_bw="32" op_12_bw="32" op_13_bw="32" op_14_bw="32" op_15_bw="0" op_16_bw="0" op_17_bw="32" op_18_bw="32">
<![CDATA[
entry:22 %specinterface_ln0 = specinterface void @_ssdm_op_SpecInterface, i32 %char_3, void @empty_2, i32 0, i32 0, void @empty_1, i32 0, i32 0, void @empty_3, void @empty_9, void @empty_1, i32 0, i32 0, i32 0, i32 0, void @empty_1, void @empty_1, i32 4294967295, i32 0

]]></Node>
<StgValue><ssdm name="specinterface_ln0"/></StgValue>
</operation>

<operation id="82" st_id="7" stage="1" lat="1">
<core>NULL</core>
<MemPortIdVec></MemPortIdVec>
<condition id="-1">
<or_exp><and_exp></and_exp></or_exp>
</condition>

<Node id="47" bw="0" op_0_bw="0" op_1_bw="32" op_2_bw="0" op_3_bw="32" op_4_bw="32" op_5_bw="0" op_6_bw="32" op_7_bw="32" op_8_bw="0" op_9_bw="0" op_10_bw="0" op_11_bw="32" op_12_bw="32" op_13_bw="32" op_14_bw="32" op_15_bw="0" op_16_bw="0" op_17_bw="32" op_18_bw="32">
<![CDATA[
entry:23 %specinterface_ln0 = specinterface void @_ssdm_op_SpecInterface, i32 %char_3, void @empty_5, i32 0, i32 0, void @empty_1, i32 0, i32 0, void @empty_1, void @empty_1, void @empty_1, i32 0, i32 0, i32 0, i32 0, void @empty_1, void @empty_1, i32 4294967295, i32 0

]]></Node>
<StgValue><ssdm name="specinterface_ln0"/></StgValue>
</operation>

<operation id="83" st_id="7" stage="1" lat="1">
<core>NULL</core>
<MemPortIdVec></MemPortIdVec>
<condition id="-1">
<or_exp><and_exp></and_exp></or_exp>
</condition>

<Node id="48" bw="0" op_0_bw="0" op_1_bw="32">
<![CDATA[
entry:24 %specbitsmap_ln0 = specbitsmap void @_ssdm_op_SpecBitsMap, i32 %char_4

]]></Node>
<StgValue><ssdm name="specbitsmap_ln0"/></StgValue>
</operation>

<operation id="84" st_id="7" stage="1" lat="1">
<core>NULL</core>
<MemPortIdVec></MemPortIdVec>
<condition id="-1">
<or_exp><and_exp></and_exp></or_exp>
</condition>

<Node id="49" bw="0" op_0_bw="0" op_1_bw="32" op_2_bw="0" op_3_bw="32" op_4_bw="32" op_5_bw="0" op_6_bw="32" op_7_bw="32" op_8_bw="0" op_9_bw="0" op_10_bw="0" op_11_bw="32" op_12_bw="32" op_13_bw="32" op_14_bw="32" op_15_bw="0" op_16_bw="0" op_17_bw="32" op_18_bw="32">
<![CDATA[
entry:25 %specinterface_ln0 = specinterface void @_ssdm_op_SpecInterface, i32 %char_4, void @empty_2, i32 0, i32 0, void @empty_1, i32 0, i32 0, void @empty_3, void @empty_10, void @empty_1, i32 0, i32 0, i32 0, i32 0, void @empty_1, void @empty_1, i32 4294967295, i32 0

]]></Node>
<StgValue><ssdm name="specinterface_ln0"/></StgValue>
</operation>

<operation id="85" st_id="7" stage="1" lat="1">
<core>NULL</core>
<MemPortIdVec></MemPortIdVec>
<condition id="-1">
<or_exp><and_exp></and_exp></or_exp>
</condition>

<Node id="50" bw="0" op_0_bw="0" op_1_bw="32" op_2_bw="0" op_3_bw="32" op_4_bw="32" op_5_bw="0" op_6_bw="32" op_7_bw="32" op_8_bw="0" op_9_bw="0" op_10_bw="0" op_11_bw="32" op_12_bw="32" op_13_bw="32" op_14_bw="32" op_15_bw="0" op_16_bw="0" op_17_bw="32" op_18_bw="32">
<![CDATA[
entry:26 %specinterface_ln0 = specinterface void @_ssdm_op_SpecInterface, i32 %char_4, void @empty_5, i32 0, i32 0, void @empty_1, i32 0, i32 0, void @empty_1, void @empty_1, void @empty_1, i32 0, i32 0, i32 0, i32 0, void @empty_1, void @empty_1, i32 4294967295, i32 0

]]></Node>
<StgValue><ssdm name="specinterface_ln0"/></StgValue>
</operation>

<operation id="86" st_id="7" stage="1" lat="1">
<core>NULL</core>
<MemPortIdVec></MemPortIdVec>
<condition id="-1">
<or_exp><and_exp></and_exp></or_exp>
</condition>

<Node id="51" bw="0" op_0_bw="0" op_1_bw="32" op_2_bw="0" op_3_bw="32" op_4_bw="32" op_5_bw="0" op_6_bw="32" op_7_bw="32" op_8_bw="0" op_9_bw="0" op_10_bw="0" op_11_bw="32" op_12_bw="32" op_13_bw="32" op_14_bw="32" op_15_bw="0" op_16_bw="0" op_17_bw="32" op_18_bw="32">
<![CDATA[
entry:27 %specinterface_ln0 = specinterface void @_ssdm_op_SpecInterface, i32 0, void @empty_2, i32 0, i32 0, void @empty_1, i32 0, i32 0, void @empty_3, void @empty_1, void @empty_1, i32 0, i32 0, i32 0, i32 0, void @empty_1, void @empty_1, i32 4294967295, i32 0

]]></Node>
<StgValue><ssdm name="specinterface_ln0"/></StgValue>
</operation>

<operation id="87" st_id="7" stage="1" lat="1">
<core>NULL</core>
<MemPortIdVec></MemPortIdVec>
<condition id="-1">
<or_exp><and_exp></and_exp></or_exp>
</condition>

<Node id="84" bw="0" op_0_bw="0" op_1_bw="32" op_2_bw="4" op_3_bw="4" op_4_bw="1" op_5_bw="1" op_6_bw="1" op_7_bw="1" op_8_bw="0">
<![CDATA[
entry:60 %specaxissidechannel_ln115 = specaxissidechannel void @_ssdm_op_SpecAXISSideChannel, i32 %op_V_data_V, i4 %op_V_keep_V, i4 %op_V_strb_V, i1 %op_V_user_V, i1 %op_V_last_V, i1 %op_V_id_V, i1 %op_V_dest_V, void @empty_11

]]></Node>
<StgValue><ssdm name="specaxissidechannel_ln115"/></StgValue>
</operation>

<operation id="88" st_id="7" stage="1" lat="1">
<core>NULL</core>
<MemPortIdVec></MemPortIdVec>
<condition id="-1">
<or_exp><and_exp></and_exp></or_exp>
</condition>

<Node id="99" bw="0">
<![CDATA[
entry:75 %ret_ln213 = ret

]]></Node>
<StgValue><ssdm name="ret_ln213"/></StgValue>
</operation>
</state>
</state_list>


<ports>
<port id="95" name="op_V_data_V" dir="1" iftype="0">
<core>NULL</core><StgValue><ssdm name="op_V_data_V"/></StgValue>
</port>
<port id="96" name="op_V_keep_V" dir="1" iftype="0">
<core>NULL</core><StgValue><ssdm name="op_V_keep_V"/></StgValue>
</port>
<port id="97" name="op_V_strb_V" dir="1" iftype="0">
<core>NULL</core><StgValue><ssdm name="op_V_strb_V"/></StgValue>
</port>
<port id="98" name="op_V_user_V" dir="1" iftype="0">
<core>NULL</core><StgValue><ssdm name="op_V_user_V"/></StgValue>
</port>
<port id="99" name="op_V_last_V" dir="1" iftype="0">
<core>NULL</core><StgValue><ssdm name="op_V_last_V"/></StgValue>
</port>
<port id="100" name="op_V_id_V" dir="1" iftype="0">
<core>NULL</core><StgValue><ssdm name="op_V_id_V"/></StgValue>
</port>
<port id="101" name="op_V_dest_V" dir="1" iftype="0">
<core>NULL</core><StgValue><ssdm name="op_V_dest_V"/></StgValue>
</port>
<port id="102" name="row" dir="0" iftype="0">
<core>NULL</core><StgValue><ssdm name="row"/></StgValue>
</port>
<port id="103" name="column" dir="0" iftype="0">
<core>NULL</core><StgValue><ssdm name="column"/></StgValue>
</port>
<port id="104" name="char_1" dir="0" iftype="0">
<core>NULL</core><StgValue><ssdm name="char_1"/></StgValue>
</port>
<port id="105" name="char_2" dir="0" iftype="0">
<core>NULL</core><StgValue><ssdm name="char_2"/></StgValue>
</port>
<port id="106" name="char_3" dir="0" iftype="0">
<core>NULL</core><StgValue><ssdm name="char_3"/></StgValue>
</port>
<port id="107" name="char_4" dir="0" iftype="0">
<core>NULL</core><StgValue><ssdm name="char_4"/></StgValue>
</port>
<port id="108" name="display_0_1" dir="0" iftype="1">
<core>ROM</core><StgValue><ssdm name="display_0_1"/><MemPortTyVec>1 </MemPortTyVec>
</StgValue>
</port>
<port id="109" name="display_1_1" dir="0" iftype="1">
<core>ROM</core><StgValue><ssdm name="display_1_1"/><MemPortTyVec>1 </MemPortTyVec>
</StgValue>
</port>
<port id="110" name="display_2_1" dir="0" iftype="1">
<core>ROM</core><StgValue><ssdm name="display_2_1"/><MemPortTyVec>1 </MemPortTyVec>
</StgValue>
</port>
<port id="111" name="display_3_1" dir="0" iftype="1">
<core>ROM</core><StgValue><ssdm name="display_3_1"/><MemPortTyVec>1 </MemPortTyVec>
</StgValue>
</port>
<port id="112" name="display_4_1" dir="0" iftype="1">
<core>ROM</core><StgValue><ssdm name="display_4_1"/><MemPortTyVec>1 </MemPortTyVec>
</StgValue>
</port>
<port id="113" name="display_5_1" dir="0" iftype="1">
<core>ROM</core><StgValue><ssdm name="display_5_1"/><MemPortTyVec>1 </MemPortTyVec>
</StgValue>
</port>
<port id="114" name="display_6_1" dir="0" iftype="1">
<core>ROM</core><StgValue><ssdm name="display_6_1"/><MemPortTyVec>1 </MemPortTyVec>
</StgValue>
</port>
<port id="115" name="display_7_1" dir="0" iftype="1">
<core>ROM</core><StgValue><ssdm name="display_7_1"/><MemPortTyVec>1 </MemPortTyVec>
</StgValue>
</port>
<port id="116" name="display_8_1" dir="0" iftype="1">
<core>ROM</core><StgValue><ssdm name="display_8_1"/><MemPortTyVec>1 </MemPortTyVec>
</StgValue>
</port>
<port id="117" name="display_9_1" dir="0" iftype="1">
<core>ROM</core><StgValue><ssdm name="display_9_1"/><MemPortTyVec>1 </MemPortTyVec>
</StgValue>
</port>
</ports>


<dataflows>
<dataflow id="119" from="_ssdm_op_Read.s_axilite.i32" to="char_1_read" fromId="118" toId="8">
</dataflow>
<dataflow id="120" from="char_1" to="char_1_read" fromId="104" toId="8">
</dataflow>
<dataflow id="121" from="_ssdm_op_Read.s_axilite.i32" to="column_read" fromId="118" toId="9">
</dataflow>
<dataflow id="122" from="column" to="column_read" fromId="103" toId="9">
</dataflow>
<dataflow id="123" from="_ssdm_op_Read.s_axilite.i32" to="row_read" fromId="118" toId="10">
</dataflow>
<dataflow id="124" from="row" to="row_read" fromId="102" toId="10">
</dataflow>
<dataflow id="126" from="StgValue_125" to="digits" fromId="125" toId="11">
</dataflow>
<dataflow id="127" from="StgValue_125" to="line" fromId="125" toId="12">
</dataflow>
<dataflow id="128" from="StgValue_125" to="pixel" fromId="125" toId="13">
</dataflow>
<dataflow id="129" from="StgValue_125" to="count_line" fromId="125" toId="14">
</dataflow>
<dataflow id="130" from="StgValue_125" to="count_pixel" fromId="125" toId="15">
</dataflow>
<dataflow id="132" from="_ssdm_op_PartSelect.i4.i32.i32.i32" to="trunc_ln" fromId="131" toId="16">
</dataflow>
<dataflow id="133" from="char_1_read" to="trunc_ln" fromId="8" toId="16">
</dataflow>
<dataflow id="135" from="StgValue_134" to="trunc_ln" fromId="134" toId="16">
</dataflow>
<dataflow id="137" from="StgValue_136" to="trunc_ln" fromId="136" toId="16">
</dataflow>
<dataflow id="138" from="digits" to="digits_addr" fromId="11" toId="17">
</dataflow>
<dataflow id="140" from="StgValue_139" to="digits_addr" fromId="139" toId="17">
</dataflow>
<dataflow id="141" from="StgValue_139" to="digits_addr" fromId="139" toId="17">
</dataflow>
<dataflow id="142" from="trunc_ln" to="store_ln103" fromId="16" toId="18">
</dataflow>
<dataflow id="143" from="digits_addr" to="store_ln103" fromId="17" toId="18">
</dataflow>
<dataflow id="144" from="_ssdm_op_PartSelect.i4.i32.i32.i32" to="trunc_ln1" fromId="131" toId="19">
</dataflow>
<dataflow id="145" from="char_1_read" to="trunc_ln1" fromId="8" toId="19">
</dataflow>
<dataflow id="147" from="StgValue_146" to="trunc_ln1" fromId="146" toId="19">
</dataflow>
<dataflow id="149" from="StgValue_148" to="trunc_ln1" fromId="148" toId="19">
</dataflow>
<dataflow id="150" from="digits" to="digits_addr_1" fromId="11" toId="20">
</dataflow>
<dataflow id="151" from="StgValue_139" to="digits_addr_1" fromId="139" toId="20">
</dataflow>
<dataflow id="152" from="StgValue_125" to="digits_addr_1" fromId="125" toId="20">
</dataflow>
<dataflow id="153" from="trunc_ln1" to="store_ln104" fromId="19" toId="21">
</dataflow>
<dataflow id="154" from="digits_addr_1" to="store_ln104" fromId="20" toId="21">
</dataflow>
<dataflow id="155" from="_ssdm_op_PartSelect.i4.i32.i32.i32" to="trunc_ln2" fromId="131" toId="22">
</dataflow>
<dataflow id="156" from="char_1_read" to="trunc_ln2" fromId="8" toId="22">
</dataflow>
<dataflow id="158" from="StgValue_157" to="trunc_ln2" fromId="157" toId="22">
</dataflow>
<dataflow id="160" from="StgValue_159" to="trunc_ln2" fromId="159" toId="22">
</dataflow>
<dataflow id="161" from="_ssdm_op_PartSelect.i4.i32.i32.i32" to="trunc_ln3" fromId="131" toId="23">
</dataflow>
<dataflow id="162" from="char_1_read" to="trunc_ln3" fromId="8" toId="23">
</dataflow>
<dataflow id="164" from="StgValue_163" to="trunc_ln3" fromId="163" toId="23">
</dataflow>
<dataflow id="166" from="StgValue_165" to="trunc_ln3" fromId="165" toId="23">
</dataflow>
<dataflow id="167" from="_ssdm_op_PartSelect.i4.i32.i32.i32" to="trunc_ln4" fromId="131" toId="24">
</dataflow>
<dataflow id="168" from="char_1_read" to="trunc_ln4" fromId="8" toId="24">
</dataflow>
<dataflow id="170" from="StgValue_169" to="trunc_ln4" fromId="169" toId="24">
</dataflow>
<dataflow id="172" from="StgValue_171" to="trunc_ln4" fromId="171" toId="24">
</dataflow>
<dataflow id="173" from="_ssdm_op_PartSelect.i4.i32.i32.i32" to="trunc_ln5" fromId="131" toId="25">
</dataflow>
<dataflow id="174" from="char_1_read" to="trunc_ln5" fromId="8" toId="25">
</dataflow>
<dataflow id="176" from="StgValue_175" to="trunc_ln5" fromId="175" toId="25">
</dataflow>
<dataflow id="178" from="StgValue_177" to="trunc_ln5" fromId="177" toId="25">
</dataflow>
<dataflow id="179" from="_ssdm_op_PartSelect.i4.i32.i32.i32" to="trunc_ln6" fromId="131" toId="26">
</dataflow>
<dataflow id="180" from="char_1_read" to="trunc_ln6" fromId="8" toId="26">
</dataflow>
<dataflow id="182" from="StgValue_181" to="trunc_ln6" fromId="181" toId="26">
</dataflow>
<dataflow id="184" from="StgValue_183" to="trunc_ln6" fromId="183" toId="26">
</dataflow>
<dataflow id="185" from="char_1_read" to="trunc_ln110" fromId="8" toId="27">
</dataflow>
<dataflow id="187" from="ff_monitor_gen_Pipeline_1" to="call_ln0" fromId="186" toId="28">
</dataflow>
<dataflow id="188" from="line" to="call_ln0" fromId="12" toId="28">
</dataflow>
<dataflow id="190" from="ff_monitor_gen_Pipeline_2" to="call_ln0" fromId="189" toId="29">
</dataflow>
<dataflow id="191" from="pixel" to="call_ln0" fromId="13" toId="29">
</dataflow>
<dataflow id="193" from="ff_monitor_gen_Pipeline_3" to="call_ln0" fromId="192" toId="30">
</dataflow>
<dataflow id="194" from="count_line" to="call_ln0" fromId="14" toId="30">
</dataflow>
<dataflow id="196" from="ff_monitor_gen_Pipeline_4" to="call_ln0" fromId="195" toId="31">
</dataflow>
<dataflow id="197" from="count_pixel" to="call_ln0" fromId="15" toId="31">
</dataflow>
<dataflow id="198" from="digits" to="digits_addr_2" fromId="11" toId="32">
</dataflow>
<dataflow id="199" from="StgValue_139" to="digits_addr_2" fromId="139" toId="32">
</dataflow>
<dataflow id="201" from="StgValue_200" to="digits_addr_2" fromId="200" toId="32">
</dataflow>
<dataflow id="202" from="trunc_ln2" to="store_ln105" fromId="22" toId="33">
</dataflow>
<dataflow id="203" from="digits_addr_2" to="store_ln105" fromId="32" toId="33">
</dataflow>
<dataflow id="204" from="digits" to="digits_addr_3" fromId="11" toId="34">
</dataflow>
<dataflow id="205" from="StgValue_139" to="digits_addr_3" fromId="139" toId="34">
</dataflow>
<dataflow id="207" from="StgValue_206" to="digits_addr_3" fromId="206" toId="34">
</dataflow>
<dataflow id="208" from="trunc_ln3" to="store_ln106" fromId="23" toId="35">
</dataflow>
<dataflow id="209" from="digits_addr_3" to="store_ln106" fromId="34" toId="35">
</dataflow>
<dataflow id="210" from="ff_monitor_gen_Pipeline_1" to="call_ln0" fromId="186" toId="36">
</dataflow>
<dataflow id="211" from="line" to="call_ln0" fromId="12" toId="36">
</dataflow>
<dataflow id="212" from="ff_monitor_gen_Pipeline_2" to="call_ln0" fromId="189" toId="37">
</dataflow>
<dataflow id="213" from="pixel" to="call_ln0" fromId="13" toId="37">
</dataflow>
<dataflow id="214" from="ff_monitor_gen_Pipeline_3" to="call_ln0" fromId="192" toId="38">
</dataflow>
<dataflow id="215" from="count_line" to="call_ln0" fromId="14" toId="38">
</dataflow>
<dataflow id="216" from="ff_monitor_gen_Pipeline_4" to="call_ln0" fromId="195" toId="39">
</dataflow>
<dataflow id="217" from="count_pixel" to="call_ln0" fromId="15" toId="39">
</dataflow>
<dataflow id="218" from="digits" to="digits_addr_4" fromId="11" toId="40">
</dataflow>
<dataflow id="219" from="StgValue_139" to="digits_addr_4" fromId="139" toId="40">
</dataflow>
<dataflow id="221" from="StgValue_220" to="digits_addr_4" fromId="220" toId="40">
</dataflow>
<dataflow id="222" from="trunc_ln4" to="store_ln107" fromId="24" toId="41">
</dataflow>
<dataflow id="223" from="digits_addr_4" to="store_ln107" fromId="40" toId="41">
</dataflow>
<dataflow id="224" from="digits" to="digits_addr_5" fromId="11" toId="42">
</dataflow>
<dataflow id="225" from="StgValue_139" to="digits_addr_5" fromId="139" toId="42">
</dataflow>
<dataflow id="227" from="StgValue_226" to="digits_addr_5" fromId="226" toId="42">
</dataflow>
<dataflow id="228" from="trunc_ln5" to="store_ln108" fromId="25" toId="43">
</dataflow>
<dataflow id="229" from="digits_addr_5" to="store_ln108" fromId="42" toId="43">
</dataflow>
<dataflow id="231" from="_ssdm_op_Wait" to="empty" fromId="230" toId="44">
</dataflow>
<dataflow id="232" from="digits" to="digits_addr_6" fromId="11" toId="45">
</dataflow>
<dataflow id="233" from="StgValue_139" to="digits_addr_6" fromId="139" toId="45">
</dataflow>
<dataflow id="235" from="StgValue_234" to="digits_addr_6" fromId="234" toId="45">
</dataflow>
<dataflow id="236" from="trunc_ln6" to="store_ln109" fromId="26" toId="46">
</dataflow>
<dataflow id="237" from="digits_addr_6" to="store_ln109" fromId="45" toId="46">
</dataflow>
<dataflow id="238" from="digits" to="digits_addr_7" fromId="11" toId="47">
</dataflow>
<dataflow id="239" from="StgValue_139" to="digits_addr_7" fromId="139" toId="47">
</dataflow>
<dataflow id="241" from="StgValue_240" to="digits_addr_7" fromId="240" toId="47">
</dataflow>
<dataflow id="242" from="trunc_ln110" to="store_ln110" fromId="27" toId="48">
</dataflow>
<dataflow id="243" from="digits_addr_7" to="store_ln110" fromId="47" toId="48">
</dataflow>
<dataflow id="244" from="column_read" to="sub" fromId="9" toId="49">
</dataflow>
<dataflow id="246" from="StgValue_245" to="sub" fromId="245" toId="49">
</dataflow>
<dataflow id="247" from="row_read" to="sub47" fromId="10" toId="50">
</dataflow>
<dataflow id="249" from="StgValue_248" to="sub47" fromId="248" toId="50">
</dataflow>
<dataflow id="250" from="row_read" to="sub50" fromId="10" toId="51">
</dataflow>
<dataflow id="252" from="StgValue_251" to="sub50" fromId="251" toId="51">
</dataflow>
<dataflow id="253" from="column_read" to="sub57" fromId="9" toId="52">
</dataflow>
<dataflow id="254" from="StgValue_251" to="sub57" fromId="251" toId="52">
</dataflow>
<dataflow id="255" from="column_read" to="sub88" fromId="9" toId="53">
</dataflow>
<dataflow id="256" from="StgValue_248" to="sub88" fromId="248" toId="53">
</dataflow>
<dataflow id="257" from="row_read" to="cast" fromId="10" toId="54">
</dataflow>
<dataflow id="258" from="column_read" to="cast1" fromId="9" toId="55">
</dataflow>
<dataflow id="259" from="cast" to="bound" fromId="54" toId="56">
</dataflow>
<dataflow id="260" from="cast1" to="bound" fromId="55" toId="56">
</dataflow>
<dataflow id="262" from="ff_monitor_gen_Pipeline_row_loop_column_loop" to="call_ln0" fromId="261" toId="57">
</dataflow>
<dataflow id="263" from="pixel" to="call_ln0" fromId="13" toId="57">
</dataflow>
<dataflow id="264" from="count_pixel" to="call_ln0" fromId="15" toId="57">
</dataflow>
<dataflow id="265" from="count_line" to="call_ln0" fromId="14" toId="57">
</dataflow>
<dataflow id="266" from="line" to="call_ln0" fromId="12" toId="57">
</dataflow>
<dataflow id="267" from="sub47" to="call_ln0" fromId="50" toId="57">
</dataflow>
<dataflow id="268" from="sub50" to="call_ln0" fromId="51" toId="57">
</dataflow>
<dataflow id="269" from="column_read" to="call_ln0" fromId="9" toId="57">
</dataflow>
<dataflow id="270" from="bound" to="call_ln0" fromId="56" toId="57">
</dataflow>
<dataflow id="271" from="op_V_data_V" to="call_ln0" fromId="95" toId="57">
</dataflow>
<dataflow id="272" from="op_V_keep_V" to="call_ln0" fromId="96" toId="57">
</dataflow>
<dataflow id="273" from="op_V_strb_V" to="call_ln0" fromId="97" toId="57">
</dataflow>
<dataflow id="274" from="op_V_user_V" to="call_ln0" fromId="98" toId="57">
</dataflow>
<dataflow id="275" from="op_V_last_V" to="call_ln0" fromId="99" toId="57">
</dataflow>
<dataflow id="276" from="op_V_id_V" to="call_ln0" fromId="100" toId="57">
</dataflow>
<dataflow id="277" from="op_V_dest_V" to="call_ln0" fromId="101" toId="57">
</dataflow>
<dataflow id="278" from="sub" to="call_ln0" fromId="49" toId="57">
</dataflow>
<dataflow id="279" from="sub57" to="call_ln0" fromId="52" toId="57">
</dataflow>
<dataflow id="280" from="sub88" to="call_ln0" fromId="53" toId="57">
</dataflow>
<dataflow id="281" from="digits" to="call_ln0" fromId="11" toId="57">
</dataflow>
<dataflow id="282" from="display_0_1" to="call_ln0" fromId="108" toId="57">
</dataflow>
<dataflow id="283" from="display_1_1" to="call_ln0" fromId="109" toId="57">
</dataflow>
<dataflow id="284" from="display_2_1" to="call_ln0" fromId="110" toId="57">
</dataflow>
<dataflow id="285" from="display_3_1" to="call_ln0" fromId="111" toId="57">
</dataflow>
<dataflow id="286" from="display_4_1" to="call_ln0" fromId="112" toId="57">
</dataflow>
<dataflow id="287" from="display_5_1" to="call_ln0" fromId="113" toId="57">
</dataflow>
<dataflow id="288" from="display_6_1" to="call_ln0" fromId="114" toId="57">
</dataflow>
<dataflow id="289" from="display_7_1" to="call_ln0" fromId="115" toId="57">
</dataflow>
<dataflow id="290" from="display_8_1" to="call_ln0" fromId="116" toId="57">
</dataflow>
<dataflow id="291" from="display_9_1" to="call_ln0" fromId="117" toId="57">
</dataflow>
<dataflow id="292" from="ff_monitor_gen_Pipeline_row_loop_column_loop" to="call_ln0" fromId="261" toId="58">
</dataflow>
<dataflow id="293" from="pixel" to="call_ln0" fromId="13" toId="58">
</dataflow>
<dataflow id="294" from="count_pixel" to="call_ln0" fromId="15" toId="58">
</dataflow>
<dataflow id="295" from="count_line" to="call_ln0" fromId="14" toId="58">
</dataflow>
<dataflow id="296" from="line" to="call_ln0" fromId="12" toId="58">
</dataflow>
<dataflow id="297" from="sub47" to="call_ln0" fromId="50" toId="58">
</dataflow>
<dataflow id="298" from="sub50" to="call_ln0" fromId="51" toId="58">
</dataflow>
<dataflow id="299" from="column_read" to="call_ln0" fromId="9" toId="58">
</dataflow>
<dataflow id="300" from="bound" to="call_ln0" fromId="56" toId="58">
</dataflow>
<dataflow id="301" from="op_V_data_V" to="call_ln0" fromId="95" toId="58">
</dataflow>
<dataflow id="302" from="op_V_keep_V" to="call_ln0" fromId="96" toId="58">
</dataflow>
<dataflow id="303" from="op_V_strb_V" to="call_ln0" fromId="97" toId="58">
</dataflow>
<dataflow id="304" from="op_V_user_V" to="call_ln0" fromId="98" toId="58">
</dataflow>
<dataflow id="305" from="op_V_last_V" to="call_ln0" fromId="99" toId="58">
</dataflow>
<dataflow id="306" from="op_V_id_V" to="call_ln0" fromId="100" toId="58">
</dataflow>
<dataflow id="307" from="op_V_dest_V" to="call_ln0" fromId="101" toId="58">
</dataflow>
<dataflow id="308" from="sub" to="call_ln0" fromId="49" toId="58">
</dataflow>
<dataflow id="309" from="sub57" to="call_ln0" fromId="52" toId="58">
</dataflow>
<dataflow id="310" from="sub88" to="call_ln0" fromId="53" toId="58">
</dataflow>
<dataflow id="311" from="digits" to="call_ln0" fromId="11" toId="58">
</dataflow>
<dataflow id="312" from="display_0_1" to="call_ln0" fromId="108" toId="58">
</dataflow>
<dataflow id="313" from="display_1_1" to="call_ln0" fromId="109" toId="58">
</dataflow>
<dataflow id="314" from="display_2_1" to="call_ln0" fromId="110" toId="58">
</dataflow>
<dataflow id="315" from="display_3_1" to="call_ln0" fromId="111" toId="58">
</dataflow>
<dataflow id="316" from="display_4_1" to="call_ln0" fromId="112" toId="58">
</dataflow>
<dataflow id="317" from="display_5_1" to="call_ln0" fromId="113" toId="58">
</dataflow>
<dataflow id="318" from="display_6_1" to="call_ln0" fromId="114" toId="58">
</dataflow>
<dataflow id="319" from="display_7_1" to="call_ln0" fromId="115" toId="58">
</dataflow>
<dataflow id="320" from="display_8_1" to="call_ln0" fromId="116" toId="58">
</dataflow>
<dataflow id="321" from="display_9_1" to="call_ln0" fromId="117" toId="58">
</dataflow>
<dataflow id="323" from="_ssdm_op_SpecTopModule" to="spectopmodule_ln86" fromId="322" toId="59">
</dataflow>
<dataflow id="325" from="empty_12" to="spectopmodule_ln86" fromId="324" toId="59">
</dataflow>
<dataflow id="327" from="_ssdm_op_SpecInterface" to="specinterface_ln0" fromId="326" toId="60">
</dataflow>
<dataflow id="328" from="op_V_data_V" to="specinterface_ln0" fromId="95" toId="60">
</dataflow>
<dataflow id="329" from="op_V_keep_V" to="specinterface_ln0" fromId="96" toId="60">
</dataflow>
<dataflow id="330" from="op_V_strb_V" to="specinterface_ln0" fromId="97" toId="60">
</dataflow>
<dataflow id="331" from="op_V_user_V" to="specinterface_ln0" fromId="98" toId="60">
</dataflow>
<dataflow id="332" from="op_V_last_V" to="specinterface_ln0" fromId="99" toId="60">
</dataflow>
<dataflow id="333" from="op_V_id_V" to="specinterface_ln0" fromId="100" toId="60">
</dataflow>
<dataflow id="334" from="op_V_dest_V" to="specinterface_ln0" fromId="101" toId="60">
</dataflow>
<dataflow id="336" from="empty" to="specinterface_ln0" fromId="335" toId="60">
</dataflow>
<dataflow id="338" from="StgValue_337" to="specinterface_ln0" fromId="337" toId="60">
</dataflow>
<dataflow id="339" from="StgValue_337" to="specinterface_ln0" fromId="337" toId="60">
</dataflow>
<dataflow id="341" from="empty_0" to="specinterface_ln0" fromId="340" toId="60">
</dataflow>
<dataflow id="343" from="StgValue_342" to="specinterface_ln0" fromId="342" toId="60">
</dataflow>
<dataflow id="344" from="StgValue_342" to="specinterface_ln0" fromId="342" toId="60">
</dataflow>
<dataflow id="346" from="empty_1" to="specinterface_ln0" fromId="345" toId="60">
</dataflow>
<dataflow id="347" from="empty_1" to="specinterface_ln0" fromId="345" toId="60">
</dataflow>
<dataflow id="348" from="empty_1" to="specinterface_ln0" fromId="345" toId="60">
</dataflow>
<dataflow id="349" from="StgValue_342" to="specinterface_ln0" fromId="342" toId="60">
</dataflow>
<dataflow id="350" from="StgValue_342" to="specinterface_ln0" fromId="342" toId="60">
</dataflow>
<dataflow id="351" from="StgValue_342" to="specinterface_ln0" fromId="342" toId="60">
</dataflow>
<dataflow id="352" from="StgValue_342" to="specinterface_ln0" fromId="342" toId="60">
</dataflow>
<dataflow id="353" from="empty_1" to="specinterface_ln0" fromId="345" toId="60">
</dataflow>
<dataflow id="354" from="empty_1" to="specinterface_ln0" fromId="345" toId="60">
</dataflow>
<dataflow id="355" from="StgValue_245" to="specinterface_ln0" fromId="245" toId="60">
</dataflow>
<dataflow id="356" from="StgValue_342" to="specinterface_ln0" fromId="342" toId="60">
</dataflow>
<dataflow id="358" from="_ssdm_op_SpecBitsMap" to="specbitsmap_ln0" fromId="357" toId="61">
</dataflow>
<dataflow id="359" from="op_V_data_V" to="specbitsmap_ln0" fromId="95" toId="61">
</dataflow>
<dataflow id="360" from="_ssdm_op_SpecBitsMap" to="specbitsmap_ln0" fromId="357" toId="62">
</dataflow>
<dataflow id="361" from="op_V_keep_V" to="specbitsmap_ln0" fromId="96" toId="62">
</dataflow>
<dataflow id="362" from="_ssdm_op_SpecBitsMap" to="specbitsmap_ln0" fromId="357" toId="63">
</dataflow>
<dataflow id="363" from="op_V_strb_V" to="specbitsmap_ln0" fromId="97" toId="63">
</dataflow>
<dataflow id="364" from="_ssdm_op_SpecBitsMap" to="specbitsmap_ln0" fromId="357" toId="64">
</dataflow>
<dataflow id="365" from="op_V_user_V" to="specbitsmap_ln0" fromId="98" toId="64">
</dataflow>
<dataflow id="366" from="_ssdm_op_SpecBitsMap" to="specbitsmap_ln0" fromId="357" toId="65">
</dataflow>
<dataflow id="367" from="op_V_last_V" to="specbitsmap_ln0" fromId="99" toId="65">
</dataflow>
<dataflow id="368" from="_ssdm_op_SpecBitsMap" to="specbitsmap_ln0" fromId="357" toId="66">
</dataflow>
<dataflow id="369" from="op_V_id_V" to="specbitsmap_ln0" fromId="100" toId="66">
</dataflow>
<dataflow id="370" from="_ssdm_op_SpecBitsMap" to="specbitsmap_ln0" fromId="357" toId="67">
</dataflow>
<dataflow id="371" from="op_V_dest_V" to="specbitsmap_ln0" fromId="101" toId="67">
</dataflow>
<dataflow id="372" from="_ssdm_op_SpecBitsMap" to="specbitsmap_ln0" fromId="357" toId="68">
</dataflow>
<dataflow id="373" from="row" to="specbitsmap_ln0" fromId="102" toId="68">
</dataflow>
<dataflow id="374" from="_ssdm_op_SpecInterface" to="specinterface_ln0" fromId="326" toId="69">
</dataflow>
<dataflow id="375" from="row" to="specinterface_ln0" fromId="102" toId="69">
</dataflow>
<dataflow id="377" from="empty_2" to="specinterface_ln0" fromId="376" toId="69">
</dataflow>
<dataflow id="378" from="StgValue_342" to="specinterface_ln0" fromId="342" toId="69">
</dataflow>
<dataflow id="379" from="StgValue_342" to="specinterface_ln0" fromId="342" toId="69">
</dataflow>
<dataflow id="380" from="empty_1" to="specinterface_ln0" fromId="345" toId="69">
</dataflow>
<dataflow id="381" from="StgValue_342" to="specinterface_ln0" fromId="342" toId="69">
</dataflow>
<dataflow id="382" from="StgValue_342" to="specinterface_ln0" fromId="342" toId="69">
</dataflow>
<dataflow id="384" from="empty_3" to="specinterface_ln0" fromId="383" toId="69">
</dataflow>
<dataflow id="386" from="empty_4" to="specinterface_ln0" fromId="385" toId="69">
</dataflow>
<dataflow id="387" from="empty_1" to="specinterface_ln0" fromId="345" toId="69">
</dataflow>
<dataflow id="388" from="StgValue_342" to="specinterface_ln0" fromId="342" toId="69">
</dataflow>
<dataflow id="389" from="StgValue_342" to="specinterface_ln0" fromId="342" toId="69">
</dataflow>
<dataflow id="390" from="StgValue_342" to="specinterface_ln0" fromId="342" toId="69">
</dataflow>
<dataflow id="391" from="StgValue_342" to="specinterface_ln0" fromId="342" toId="69">
</dataflow>
<dataflow id="392" from="empty_1" to="specinterface_ln0" fromId="345" toId="69">
</dataflow>
<dataflow id="393" from="empty_1" to="specinterface_ln0" fromId="345" toId="69">
</dataflow>
<dataflow id="394" from="StgValue_245" to="specinterface_ln0" fromId="245" toId="69">
</dataflow>
<dataflow id="395" from="StgValue_342" to="specinterface_ln0" fromId="342" toId="69">
</dataflow>
<dataflow id="396" from="_ssdm_op_SpecInterface" to="specinterface_ln0" fromId="326" toId="70">
</dataflow>
<dataflow id="397" from="row" to="specinterface_ln0" fromId="102" toId="70">
</dataflow>
<dataflow id="399" from="empty_5" to="specinterface_ln0" fromId="398" toId="70">
</dataflow>
<dataflow id="400" from="StgValue_342" to="specinterface_ln0" fromId="342" toId="70">
</dataflow>
<dataflow id="401" from="StgValue_342" to="specinterface_ln0" fromId="342" toId="70">
</dataflow>
<dataflow id="402" from="empty_1" to="specinterface_ln0" fromId="345" toId="70">
</dataflow>
<dataflow id="403" from="StgValue_342" to="specinterface_ln0" fromId="342" toId="70">
</dataflow>
<dataflow id="404" from="StgValue_342" to="specinterface_ln0" fromId="342" toId="70">
</dataflow>
<dataflow id="405" from="empty_1" to="specinterface_ln0" fromId="345" toId="70">
</dataflow>
<dataflow id="406" from="empty_1" to="specinterface_ln0" fromId="345" toId="70">
</dataflow>
<dataflow id="407" from="empty_1" to="specinterface_ln0" fromId="345" toId="70">
</dataflow>
<dataflow id="408" from="StgValue_342" to="specinterface_ln0" fromId="342" toId="70">
</dataflow>
<dataflow id="409" from="StgValue_342" to="specinterface_ln0" fromId="342" toId="70">
</dataflow>
<dataflow id="410" from="StgValue_342" to="specinterface_ln0" fromId="342" toId="70">
</dataflow>
<dataflow id="411" from="StgValue_342" to="specinterface_ln0" fromId="342" toId="70">
</dataflow>
<dataflow id="412" from="empty_1" to="specinterface_ln0" fromId="345" toId="70">
</dataflow>
<dataflow id="413" from="empty_1" to="specinterface_ln0" fromId="345" toId="70">
</dataflow>
<dataflow id="414" from="StgValue_245" to="specinterface_ln0" fromId="245" toId="70">
</dataflow>
<dataflow id="415" from="StgValue_342" to="specinterface_ln0" fromId="342" toId="70">
</dataflow>
<dataflow id="416" from="_ssdm_op_SpecBitsMap" to="specbitsmap_ln0" fromId="357" toId="71">
</dataflow>
<dataflow id="417" from="column" to="specbitsmap_ln0" fromId="103" toId="71">
</dataflow>
<dataflow id="418" from="_ssdm_op_SpecInterface" to="specinterface_ln0" fromId="326" toId="72">
</dataflow>
<dataflow id="419" from="column" to="specinterface_ln0" fromId="103" toId="72">
</dataflow>
<dataflow id="420" from="empty_2" to="specinterface_ln0" fromId="376" toId="72">
</dataflow>
<dataflow id="421" from="StgValue_342" to="specinterface_ln0" fromId="342" toId="72">
</dataflow>
<dataflow id="422" from="StgValue_342" to="specinterface_ln0" fromId="342" toId="72">
</dataflow>
<dataflow id="423" from="empty_1" to="specinterface_ln0" fromId="345" toId="72">
</dataflow>
<dataflow id="424" from="StgValue_342" to="specinterface_ln0" fromId="342" toId="72">
</dataflow>
<dataflow id="425" from="StgValue_342" to="specinterface_ln0" fromId="342" toId="72">
</dataflow>
<dataflow id="426" from="empty_3" to="specinterface_ln0" fromId="383" toId="72">
</dataflow>
<dataflow id="428" from="empty_6" to="specinterface_ln0" fromId="427" toId="72">
</dataflow>
<dataflow id="429" from="empty_1" to="specinterface_ln0" fromId="345" toId="72">
</dataflow>
<dataflow id="430" from="StgValue_342" to="specinterface_ln0" fromId="342" toId="72">
</dataflow>
<dataflow id="431" from="StgValue_342" to="specinterface_ln0" fromId="342" toId="72">
</dataflow>
<dataflow id="432" from="StgValue_342" to="specinterface_ln0" fromId="342" toId="72">
</dataflow>
<dataflow id="433" from="StgValue_342" to="specinterface_ln0" fromId="342" toId="72">
</dataflow>
<dataflow id="434" from="empty_1" to="specinterface_ln0" fromId="345" toId="72">
</dataflow>
<dataflow id="435" from="empty_1" to="specinterface_ln0" fromId="345" toId="72">
</dataflow>
<dataflow id="436" from="StgValue_245" to="specinterface_ln0" fromId="245" toId="72">
</dataflow>
<dataflow id="437" from="StgValue_342" to="specinterface_ln0" fromId="342" toId="72">
</dataflow>
<dataflow id="438" from="_ssdm_op_SpecInterface" to="specinterface_ln0" fromId="326" toId="73">
</dataflow>
<dataflow id="439" from="column" to="specinterface_ln0" fromId="103" toId="73">
</dataflow>
<dataflow id="440" from="empty_5" to="specinterface_ln0" fromId="398" toId="73">
</dataflow>
<dataflow id="441" from="StgValue_342" to="specinterface_ln0" fromId="342" toId="73">
</dataflow>
<dataflow id="442" from="StgValue_342" to="specinterface_ln0" fromId="342" toId="73">
</dataflow>
<dataflow id="443" from="empty_1" to="specinterface_ln0" fromId="345" toId="73">
</dataflow>
<dataflow id="444" from="StgValue_342" to="specinterface_ln0" fromId="342" toId="73">
</dataflow>
<dataflow id="445" from="StgValue_342" to="specinterface_ln0" fromId="342" toId="73">
</dataflow>
<dataflow id="446" from="empty_1" to="specinterface_ln0" fromId="345" toId="73">
</dataflow>
<dataflow id="447" from="empty_1" to="specinterface_ln0" fromId="345" toId="73">
</dataflow>
<dataflow id="448" from="empty_1" to="specinterface_ln0" fromId="345" toId="73">
</dataflow>
<dataflow id="449" from="StgValue_342" to="specinterface_ln0" fromId="342" toId="73">
</dataflow>
<dataflow id="450" from="StgValue_342" to="specinterface_ln0" fromId="342" toId="73">
</dataflow>
<dataflow id="451" from="StgValue_342" to="specinterface_ln0" fromId="342" toId="73">
</dataflow>
<dataflow id="452" from="StgValue_342" to="specinterface_ln0" fromId="342" toId="73">
</dataflow>
<dataflow id="453" from="empty_1" to="specinterface_ln0" fromId="345" toId="73">
</dataflow>
<dataflow id="454" from="empty_1" to="specinterface_ln0" fromId="345" toId="73">
</dataflow>
<dataflow id="455" from="StgValue_245" to="specinterface_ln0" fromId="245" toId="73">
</dataflow>
<dataflow id="456" from="StgValue_342" to="specinterface_ln0" fromId="342" toId="73">
</dataflow>
<dataflow id="457" from="_ssdm_op_SpecBitsMap" to="specbitsmap_ln0" fromId="357" toId="74">
</dataflow>
<dataflow id="458" from="char_1" to="specbitsmap_ln0" fromId="104" toId="74">
</dataflow>
<dataflow id="459" from="_ssdm_op_SpecInterface" to="specinterface_ln0" fromId="326" toId="75">
</dataflow>
<dataflow id="460" from="char_1" to="specinterface_ln0" fromId="104" toId="75">
</dataflow>
<dataflow id="461" from="empty_2" to="specinterface_ln0" fromId="376" toId="75">
</dataflow>
<dataflow id="462" from="StgValue_342" to="specinterface_ln0" fromId="342" toId="75">
</dataflow>
<dataflow id="463" from="StgValue_342" to="specinterface_ln0" fromId="342" toId="75">
</dataflow>
<dataflow id="464" from="empty_1" to="specinterface_ln0" fromId="345" toId="75">
</dataflow>
<dataflow id="465" from="StgValue_342" to="specinterface_ln0" fromId="342" toId="75">
</dataflow>
<dataflow id="466" from="StgValue_342" to="specinterface_ln0" fromId="342" toId="75">
</dataflow>
<dataflow id="467" from="empty_3" to="specinterface_ln0" fromId="383" toId="75">
</dataflow>
<dataflow id="469" from="empty_7" to="specinterface_ln0" fromId="468" toId="75">
</dataflow>
<dataflow id="470" from="empty_1" to="specinterface_ln0" fromId="345" toId="75">
</dataflow>
<dataflow id="471" from="StgValue_342" to="specinterface_ln0" fromId="342" toId="75">
</dataflow>
<dataflow id="472" from="StgValue_342" to="specinterface_ln0" fromId="342" toId="75">
</dataflow>
<dataflow id="473" from="StgValue_342" to="specinterface_ln0" fromId="342" toId="75">
</dataflow>
<dataflow id="474" from="StgValue_342" to="specinterface_ln0" fromId="342" toId="75">
</dataflow>
<dataflow id="475" from="empty_1" to="specinterface_ln0" fromId="345" toId="75">
</dataflow>
<dataflow id="476" from="empty_1" to="specinterface_ln0" fromId="345" toId="75">
</dataflow>
<dataflow id="477" from="StgValue_245" to="specinterface_ln0" fromId="245" toId="75">
</dataflow>
<dataflow id="478" from="StgValue_342" to="specinterface_ln0" fromId="342" toId="75">
</dataflow>
<dataflow id="479" from="_ssdm_op_SpecInterface" to="specinterface_ln0" fromId="326" toId="76">
</dataflow>
<dataflow id="480" from="char_1" to="specinterface_ln0" fromId="104" toId="76">
</dataflow>
<dataflow id="481" from="empty_5" to="specinterface_ln0" fromId="398" toId="76">
</dataflow>
<dataflow id="482" from="StgValue_342" to="specinterface_ln0" fromId="342" toId="76">
</dataflow>
<dataflow id="483" from="StgValue_342" to="specinterface_ln0" fromId="342" toId="76">
</dataflow>
<dataflow id="484" from="empty_1" to="specinterface_ln0" fromId="345" toId="76">
</dataflow>
<dataflow id="485" from="StgValue_342" to="specinterface_ln0" fromId="342" toId="76">
</dataflow>
<dataflow id="486" from="StgValue_342" to="specinterface_ln0" fromId="342" toId="76">
</dataflow>
<dataflow id="487" from="empty_1" to="specinterface_ln0" fromId="345" toId="76">
</dataflow>
<dataflow id="488" from="empty_1" to="specinterface_ln0" fromId="345" toId="76">
</dataflow>
<dataflow id="489" from="empty_1" to="specinterface_ln0" fromId="345" toId="76">
</dataflow>
<dataflow id="490" from="StgValue_342" to="specinterface_ln0" fromId="342" toId="76">
</dataflow>
<dataflow id="491" from="StgValue_342" to="specinterface_ln0" fromId="342" toId="76">
</dataflow>
<dataflow id="492" from="StgValue_342" to="specinterface_ln0" fromId="342" toId="76">
</dataflow>
<dataflow id="493" from="StgValue_342" to="specinterface_ln0" fromId="342" toId="76">
</dataflow>
<dataflow id="494" from="empty_1" to="specinterface_ln0" fromId="345" toId="76">
</dataflow>
<dataflow id="495" from="empty_1" to="specinterface_ln0" fromId="345" toId="76">
</dataflow>
<dataflow id="496" from="StgValue_245" to="specinterface_ln0" fromId="245" toId="76">
</dataflow>
<dataflow id="497" from="StgValue_342" to="specinterface_ln0" fromId="342" toId="76">
</dataflow>
<dataflow id="498" from="_ssdm_op_SpecBitsMap" to="specbitsmap_ln0" fromId="357" toId="77">
</dataflow>
<dataflow id="499" from="char_2" to="specbitsmap_ln0" fromId="105" toId="77">
</dataflow>
<dataflow id="500" from="_ssdm_op_SpecInterface" to="specinterface_ln0" fromId="326" toId="78">
</dataflow>
<dataflow id="501" from="char_2" to="specinterface_ln0" fromId="105" toId="78">
</dataflow>
<dataflow id="502" from="empty_2" to="specinterface_ln0" fromId="376" toId="78">
</dataflow>
<dataflow id="503" from="StgValue_342" to="specinterface_ln0" fromId="342" toId="78">
</dataflow>
<dataflow id="504" from="StgValue_342" to="specinterface_ln0" fromId="342" toId="78">
</dataflow>
<dataflow id="505" from="empty_1" to="specinterface_ln0" fromId="345" toId="78">
</dataflow>
<dataflow id="506" from="StgValue_342" to="specinterface_ln0" fromId="342" toId="78">
</dataflow>
<dataflow id="507" from="StgValue_342" to="specinterface_ln0" fromId="342" toId="78">
</dataflow>
<dataflow id="508" from="empty_3" to="specinterface_ln0" fromId="383" toId="78">
</dataflow>
<dataflow id="510" from="empty_8" to="specinterface_ln0" fromId="509" toId="78">
</dataflow>
<dataflow id="511" from="empty_1" to="specinterface_ln0" fromId="345" toId="78">
</dataflow>
<dataflow id="512" from="StgValue_342" to="specinterface_ln0" fromId="342" toId="78">
</dataflow>
<dataflow id="513" from="StgValue_342" to="specinterface_ln0" fromId="342" toId="78">
</dataflow>
<dataflow id="514" from="StgValue_342" to="specinterface_ln0" fromId="342" toId="78">
</dataflow>
<dataflow id="515" from="StgValue_342" to="specinterface_ln0" fromId="342" toId="78">
</dataflow>
<dataflow id="516" from="empty_1" to="specinterface_ln0" fromId="345" toId="78">
</dataflow>
<dataflow id="517" from="empty_1" to="specinterface_ln0" fromId="345" toId="78">
</dataflow>
<dataflow id="518" from="StgValue_245" to="specinterface_ln0" fromId="245" toId="78">
</dataflow>
<dataflow id="519" from="StgValue_342" to="specinterface_ln0" fromId="342" toId="78">
</dataflow>
<dataflow id="520" from="_ssdm_op_SpecInterface" to="specinterface_ln0" fromId="326" toId="79">
</dataflow>
<dataflow id="521" from="char_2" to="specinterface_ln0" fromId="105" toId="79">
</dataflow>
<dataflow id="522" from="empty_5" to="specinterface_ln0" fromId="398" toId="79">
</dataflow>
<dataflow id="523" from="StgValue_342" to="specinterface_ln0" fromId="342" toId="79">
</dataflow>
<dataflow id="524" from="StgValue_342" to="specinterface_ln0" fromId="342" toId="79">
</dataflow>
<dataflow id="525" from="empty_1" to="specinterface_ln0" fromId="345" toId="79">
</dataflow>
<dataflow id="526" from="StgValue_342" to="specinterface_ln0" fromId="342" toId="79">
</dataflow>
<dataflow id="527" from="StgValue_342" to="specinterface_ln0" fromId="342" toId="79">
</dataflow>
<dataflow id="528" from="empty_1" to="specinterface_ln0" fromId="345" toId="79">
</dataflow>
<dataflow id="529" from="empty_1" to="specinterface_ln0" fromId="345" toId="79">
</dataflow>
<dataflow id="530" from="empty_1" to="specinterface_ln0" fromId="345" toId="79">
</dataflow>
<dataflow id="531" from="StgValue_342" to="specinterface_ln0" fromId="342" toId="79">
</dataflow>
<dataflow id="532" from="StgValue_342" to="specinterface_ln0" fromId="342" toId="79">
</dataflow>
<dataflow id="533" from="StgValue_342" to="specinterface_ln0" fromId="342" toId="79">
</dataflow>
<dataflow id="534" from="StgValue_342" to="specinterface_ln0" fromId="342" toId="79">
</dataflow>
<dataflow id="535" from="empty_1" to="specinterface_ln0" fromId="345" toId="79">
</dataflow>
<dataflow id="536" from="empty_1" to="specinterface_ln0" fromId="345" toId="79">
</dataflow>
<dataflow id="537" from="StgValue_245" to="specinterface_ln0" fromId="245" toId="79">
</dataflow>
<dataflow id="538" from="StgValue_342" to="specinterface_ln0" fromId="342" toId="79">
</dataflow>
<dataflow id="539" from="_ssdm_op_SpecBitsMap" to="specbitsmap_ln0" fromId="357" toId="80">
</dataflow>
<dataflow id="540" from="char_3" to="specbitsmap_ln0" fromId="106" toId="80">
</dataflow>
<dataflow id="541" from="_ssdm_op_SpecInterface" to="specinterface_ln0" fromId="326" toId="81">
</dataflow>
<dataflow id="542" from="char_3" to="specinterface_ln0" fromId="106" toId="81">
</dataflow>
<dataflow id="543" from="empty_2" to="specinterface_ln0" fromId="376" toId="81">
</dataflow>
<dataflow id="544" from="StgValue_342" to="specinterface_ln0" fromId="342" toId="81">
</dataflow>
<dataflow id="545" from="StgValue_342" to="specinterface_ln0" fromId="342" toId="81">
</dataflow>
<dataflow id="546" from="empty_1" to="specinterface_ln0" fromId="345" toId="81">
</dataflow>
<dataflow id="547" from="StgValue_342" to="specinterface_ln0" fromId="342" toId="81">
</dataflow>
<dataflow id="548" from="StgValue_342" to="specinterface_ln0" fromId="342" toId="81">
</dataflow>
<dataflow id="549" from="empty_3" to="specinterface_ln0" fromId="383" toId="81">
</dataflow>
<dataflow id="551" from="empty_9" to="specinterface_ln0" fromId="550" toId="81">
</dataflow>
<dataflow id="552" from="empty_1" to="specinterface_ln0" fromId="345" toId="81">
</dataflow>
<dataflow id="553" from="StgValue_342" to="specinterface_ln0" fromId="342" toId="81">
</dataflow>
<dataflow id="554" from="StgValue_342" to="specinterface_ln0" fromId="342" toId="81">
</dataflow>
<dataflow id="555" from="StgValue_342" to="specinterface_ln0" fromId="342" toId="81">
</dataflow>
<dataflow id="556" from="StgValue_342" to="specinterface_ln0" fromId="342" toId="81">
</dataflow>
<dataflow id="557" from="empty_1" to="specinterface_ln0" fromId="345" toId="81">
</dataflow>
<dataflow id="558" from="empty_1" to="specinterface_ln0" fromId="345" toId="81">
</dataflow>
<dataflow id="559" from="StgValue_245" to="specinterface_ln0" fromId="245" toId="81">
</dataflow>
<dataflow id="560" from="StgValue_342" to="specinterface_ln0" fromId="342" toId="81">
</dataflow>
<dataflow id="561" from="_ssdm_op_SpecInterface" to="specinterface_ln0" fromId="326" toId="82">
</dataflow>
<dataflow id="562" from="char_3" to="specinterface_ln0" fromId="106" toId="82">
</dataflow>
<dataflow id="563" from="empty_5" to="specinterface_ln0" fromId="398" toId="82">
</dataflow>
<dataflow id="564" from="StgValue_342" to="specinterface_ln0" fromId="342" toId="82">
</dataflow>
<dataflow id="565" from="StgValue_342" to="specinterface_ln0" fromId="342" toId="82">
</dataflow>
<dataflow id="566" from="empty_1" to="specinterface_ln0" fromId="345" toId="82">
</dataflow>
<dataflow id="567" from="StgValue_342" to="specinterface_ln0" fromId="342" toId="82">
</dataflow>
<dataflow id="568" from="StgValue_342" to="specinterface_ln0" fromId="342" toId="82">
</dataflow>
<dataflow id="569" from="empty_1" to="specinterface_ln0" fromId="345" toId="82">
</dataflow>
<dataflow id="570" from="empty_1" to="specinterface_ln0" fromId="345" toId="82">
</dataflow>
<dataflow id="571" from="empty_1" to="specinterface_ln0" fromId="345" toId="82">
</dataflow>
<dataflow id="572" from="StgValue_342" to="specinterface_ln0" fromId="342" toId="82">
</dataflow>
<dataflow id="573" from="StgValue_342" to="specinterface_ln0" fromId="342" toId="82">
</dataflow>
<dataflow id="574" from="StgValue_342" to="specinterface_ln0" fromId="342" toId="82">
</dataflow>
<dataflow id="575" from="StgValue_342" to="specinterface_ln0" fromId="342" toId="82">
</dataflow>
<dataflow id="576" from="empty_1" to="specinterface_ln0" fromId="345" toId="82">
</dataflow>
<dataflow id="577" from="empty_1" to="specinterface_ln0" fromId="345" toId="82">
</dataflow>
<dataflow id="578" from="StgValue_245" to="specinterface_ln0" fromId="245" toId="82">
</dataflow>
<dataflow id="579" from="StgValue_342" to="specinterface_ln0" fromId="342" toId="82">
</dataflow>
<dataflow id="580" from="_ssdm_op_SpecBitsMap" to="specbitsmap_ln0" fromId="357" toId="83">
</dataflow>
<dataflow id="581" from="char_4" to="specbitsmap_ln0" fromId="107" toId="83">
</dataflow>
<dataflow id="582" from="_ssdm_op_SpecInterface" to="specinterface_ln0" fromId="326" toId="84">
</dataflow>
<dataflow id="583" from="char_4" to="specinterface_ln0" fromId="107" toId="84">
</dataflow>
<dataflow id="584" from="empty_2" to="specinterface_ln0" fromId="376" toId="84">
</dataflow>
<dataflow id="585" from="StgValue_342" to="specinterface_ln0" fromId="342" toId="84">
</dataflow>
<dataflow id="586" from="StgValue_342" to="specinterface_ln0" fromId="342" toId="84">
</dataflow>
<dataflow id="587" from="empty_1" to="specinterface_ln0" fromId="345" toId="84">
</dataflow>
<dataflow id="588" from="StgValue_342" to="specinterface_ln0" fromId="342" toId="84">
</dataflow>
<dataflow id="589" from="StgValue_342" to="specinterface_ln0" fromId="342" toId="84">
</dataflow>
<dataflow id="590" from="empty_3" to="specinterface_ln0" fromId="383" toId="84">
</dataflow>
<dataflow id="592" from="empty_10" to="specinterface_ln0" fromId="591" toId="84">
</dataflow>
<dataflow id="593" from="empty_1" to="specinterface_ln0" fromId="345" toId="84">
</dataflow>
<dataflow id="594" from="StgValue_342" to="specinterface_ln0" fromId="342" toId="84">
</dataflow>
<dataflow id="595" from="StgValue_342" to="specinterface_ln0" fromId="342" toId="84">
</dataflow>
<dataflow id="596" from="StgValue_342" to="specinterface_ln0" fromId="342" toId="84">
</dataflow>
<dataflow id="597" from="StgValue_342" to="specinterface_ln0" fromId="342" toId="84">
</dataflow>
<dataflow id="598" from="empty_1" to="specinterface_ln0" fromId="345" toId="84">
</dataflow>
<dataflow id="599" from="empty_1" to="specinterface_ln0" fromId="345" toId="84">
</dataflow>
<dataflow id="600" from="StgValue_245" to="specinterface_ln0" fromId="245" toId="84">
</dataflow>
<dataflow id="601" from="StgValue_342" to="specinterface_ln0" fromId="342" toId="84">
</dataflow>
<dataflow id="602" from="_ssdm_op_SpecInterface" to="specinterface_ln0" fromId="326" toId="85">
</dataflow>
<dataflow id="603" from="char_4" to="specinterface_ln0" fromId="107" toId="85">
</dataflow>
<dataflow id="604" from="empty_5" to="specinterface_ln0" fromId="398" toId="85">
</dataflow>
<dataflow id="605" from="StgValue_342" to="specinterface_ln0" fromId="342" toId="85">
</dataflow>
<dataflow id="606" from="StgValue_342" to="specinterface_ln0" fromId="342" toId="85">
</dataflow>
<dataflow id="607" from="empty_1" to="specinterface_ln0" fromId="345" toId="85">
</dataflow>
<dataflow id="608" from="StgValue_342" to="specinterface_ln0" fromId="342" toId="85">
</dataflow>
<dataflow id="609" from="StgValue_342" to="specinterface_ln0" fromId="342" toId="85">
</dataflow>
<dataflow id="610" from="empty_1" to="specinterface_ln0" fromId="345" toId="85">
</dataflow>
<dataflow id="611" from="empty_1" to="specinterface_ln0" fromId="345" toId="85">
</dataflow>
<dataflow id="612" from="empty_1" to="specinterface_ln0" fromId="345" toId="85">
</dataflow>
<dataflow id="613" from="StgValue_342" to="specinterface_ln0" fromId="342" toId="85">
</dataflow>
<dataflow id="614" from="StgValue_342" to="specinterface_ln0" fromId="342" toId="85">
</dataflow>
<dataflow id="615" from="StgValue_342" to="specinterface_ln0" fromId="342" toId="85">
</dataflow>
<dataflow id="616" from="StgValue_342" to="specinterface_ln0" fromId="342" toId="85">
</dataflow>
<dataflow id="617" from="empty_1" to="specinterface_ln0" fromId="345" toId="85">
</dataflow>
<dataflow id="618" from="empty_1" to="specinterface_ln0" fromId="345" toId="85">
</dataflow>
<dataflow id="619" from="StgValue_245" to="specinterface_ln0" fromId="245" toId="85">
</dataflow>
<dataflow id="620" from="StgValue_342" to="specinterface_ln0" fromId="342" toId="85">
</dataflow>
<dataflow id="621" from="_ssdm_op_SpecInterface" to="specinterface_ln0" fromId="326" toId="86">
</dataflow>
<dataflow id="622" from="StgValue_342" to="specinterface_ln0" fromId="342" toId="86">
</dataflow>
<dataflow id="623" from="empty_2" to="specinterface_ln0" fromId="376" toId="86">
</dataflow>
<dataflow id="624" from="StgValue_342" to="specinterface_ln0" fromId="342" toId="86">
</dataflow>
<dataflow id="625" from="StgValue_342" to="specinterface_ln0" fromId="342" toId="86">
</dataflow>
<dataflow id="626" from="empty_1" to="specinterface_ln0" fromId="345" toId="86">
</dataflow>
<dataflow id="627" from="StgValue_342" to="specinterface_ln0" fromId="342" toId="86">
</dataflow>
<dataflow id="628" from="StgValue_342" to="specinterface_ln0" fromId="342" toId="86">
</dataflow>
<dataflow id="629" from="empty_3" to="specinterface_ln0" fromId="383" toId="86">
</dataflow>
<dataflow id="630" from="empty_1" to="specinterface_ln0" fromId="345" toId="86">
</dataflow>
<dataflow id="631" from="empty_1" to="specinterface_ln0" fromId="345" toId="86">
</dataflow>
<dataflow id="632" from="StgValue_342" to="specinterface_ln0" fromId="342" toId="86">
</dataflow>
<dataflow id="633" from="StgValue_342" to="specinterface_ln0" fromId="342" toId="86">
</dataflow>
<dataflow id="634" from="StgValue_342" to="specinterface_ln0" fromId="342" toId="86">
</dataflow>
<dataflow id="635" from="StgValue_342" to="specinterface_ln0" fromId="342" toId="86">
</dataflow>
<dataflow id="636" from="empty_1" to="specinterface_ln0" fromId="345" toId="86">
</dataflow>
<dataflow id="637" from="empty_1" to="specinterface_ln0" fromId="345" toId="86">
</dataflow>
<dataflow id="638" from="StgValue_245" to="specinterface_ln0" fromId="245" toId="86">
</dataflow>
<dataflow id="639" from="StgValue_342" to="specinterface_ln0" fromId="342" toId="86">
</dataflow>
<dataflow id="641" from="_ssdm_op_SpecAXISSideChannel" to="specaxissidechannel_ln115" fromId="640" toId="87">
</dataflow>
<dataflow id="642" from="op_V_data_V" to="specaxissidechannel_ln115" fromId="95" toId="87">
</dataflow>
<dataflow id="643" from="op_V_keep_V" to="specaxissidechannel_ln115" fromId="96" toId="87">
</dataflow>
<dataflow id="644" from="op_V_strb_V" to="specaxissidechannel_ln115" fromId="97" toId="87">
</dataflow>
<dataflow id="645" from="op_V_user_V" to="specaxissidechannel_ln115" fromId="98" toId="87">
</dataflow>
<dataflow id="646" from="op_V_last_V" to="specaxissidechannel_ln115" fromId="99" toId="87">
</dataflow>
<dataflow id="647" from="op_V_id_V" to="specaxissidechannel_ln115" fromId="100" toId="87">
</dataflow>
<dataflow id="648" from="op_V_dest_V" to="specaxissidechannel_ln115" fromId="101" toId="87">
</dataflow>
<dataflow id="650" from="empty_11" to="specaxissidechannel_ln115" fromId="649" toId="87">
</dataflow>
</dataflows>


</stg>
