<root versionMajor = "1" versionMinor = "5">
  <kernel src_name="ff_monitor_gen" language="c" hwCtrl="ap_ctrl_hs" mem_layout="fpga64-xilinx-none">
    <args>
      <arg id="0" access_type="w" src_name="op" src_type="stream&lt;hls::axis&lt;ap_uint&lt;32&gt;, 1, 1, 1&gt;, 0&gt;&amp;" src_isptr="1" src_bitwidth="96" src_size_or_depth="1">
        <hw hw_usage="data" hw_interface="AXI-Stream" hw_name="op" hw_bitwidth="32" hw_size_or_depth="1" hw_kernel_support="true">
          <constraint constraint_type="pragma interface" mode="axis" register_option="1" register_mode="both"/>
        </hw>
      </arg>
      <arg id="1" access_type="r" src_name="row" src_type="int" src_isptr="0" src_bitwidth="32" src_size_or_depth="1">
        <hw hw_usage="data" hw_interface="S_AXILite" hw_name="control" hw_bitwidth="32" hw_size_or_depth="1" hw_kernel_support="true">
          <constraint constraint_type="pragma interface" mode="s_axilite" register_option="0" offset="16"/>
        </hw>
      </arg>
      <arg id="2" access_type="r" src_name="column" src_type="int" src_isptr="0" src_bitwidth="32" src_size_or_depth="1">
        <hw hw_usage="data" hw_interface="S_AXILite" hw_name="control" hw_bitwidth="32" hw_size_or_depth="1" hw_kernel_support="true">
          <constraint constraint_type="pragma interface" mode="s_axilite" register_option="0" offset="24"/>
        </hw>
      </arg>
      <arg id="3" access_type="r" src_name="char_1" src_type="int" src_isptr="0" src_bitwidth="32" src_size_or_depth="1">
        <hw hw_usage="data" hw_interface="S_AXILite" hw_name="control" hw_bitwidth="32" hw_size_or_depth="1" hw_kernel_support="true">
          <constraint constraint_type="pragma interface" mode="s_axilite" register_option="0" offset="32"/>
        </hw>
      </arg>
      <arg id="4" access_type="r" src_name="char_2" src_type="int" src_isptr="0" src_bitwidth="32" src_size_or_depth="1">
        <hw hw_usage="data" hw_interface="S_AXILite" hw_name="control" hw_bitwidth="32" hw_size_or_depth="1" hw_kernel_support="true">
          <constraint constraint_type="pragma interface" mode="s_axilite" register_option="0" offset="40"/>
        </hw>
      </arg>
      <arg id="5" access_type="r" src_name="char_3" src_type="int" src_isptr="0" src_bitwidth="32" src_size_or_depth="1">
        <hw hw_usage="data" hw_interface="S_AXILite" hw_name="control" hw_bitwidth="32" hw_size_or_depth="1" hw_kernel_support="true">
          <constraint constraint_type="pragma interface" mode="s_axilite" register_option="0" offset="48"/>
        </hw>
      </arg>
      <arg id="6" access_type="r" src_name="char_4" src_type="int" src_isptr="0" src_bitwidth="32" src_size_or_depth="1">
        <hw hw_usage="data" hw_interface="S_AXILite" hw_name="control" hw_bitwidth="32" hw_size_or_depth="1" hw_kernel_support="true">
          <constraint constraint_type="pragma interface" mode="s_axilite" register_option="0" offset="56"/>
        </hw>
      </arg>
    </args>
    <return src_type="void" src_bitwidth="0" offset="0x0">
      <hw hw_usage="data" hw_interface="" hw_name="" hw_bitwidth="0" hw_kernel_support="true"/>
    </return>
  </kernel>
</root>
