{
  "version": "2022.2",
  "applications": [],
  "platforms": [
    {
      "name": "design_1_wrapperhud"
    }
  ],
  "systems": [
    {
      "name": "xmipi_sp701_example_2_system",
      "platform": "C:/sp701/mipi_csi2_rx_subsystem_1_ex/sdk/design_1_wrapperhud/export/design_1_wrapperhud/design_1_wrapperhud.xpfm",
      "sysConfig": "design_1_wrapperhud",
      "buildConfig": "Debug",
      "applications": [
        {
          "name": "xmipi_sp701_example_2",
          "platform": "C:/sp701/mipi_csi2_rx_subsystem_1_ex/sdk/design_1_wrapperhud/export/design_1_wrapperhud/design_1_wrapperhud.xpfm",
          "platformPath": "C:\\sp701\\mipi_csi2_rx_subsystem_1_ex\\sdk\\design_1_wrapperhud\\export\\design_1_wrapperhud",
          "sysConfig": "design_1_wrapperhud",
          "domain": "standalone_microblaze_0",
          "system": "xmipi_sp701_example_2_system"
        }
      ],
      "platformPath": "C:\\sp701\\mipi_csi2_rx_subsystem_1_ex\\sdk\\design_1_wrapperhud\\export\\design_1_wrapperhud"
    }
  ],
  "others": []
}